# Blender 5.1.1
# www.blender.org
mtllib kirito.mtl
o blade_low.002_kirito_s1_txtr_0
v 0.088649 0.029355 -0.778541
v 0.096043 0.036581 -0.777465
v 0.094411 0.027307 -0.794548
v 0.080694 0.023830 -0.774768
v 0.074959 0.028974 -0.752025
v 0.091667 0.020195 -0.804669
v 0.051920 0.415328 0.141592
v 0.068610 0.426501 0.132757
v 0.058344 0.415313 0.128724
v 0.048123 0.403636 0.123531
v -0.003693 0.356310 0.123233
v -0.002399 0.359865 0.128446
v 0.011355 0.356319 0.120455
v 0.000148 0.364461 0.133440
v 0.004458 0.369046 0.134886
v 0.013228 0.359561 0.123826
v -0.002247 0.352551 0.112097
v -0.003347 0.354110 0.117715
v 0.011243 0.354064 0.115730
v 0.068610 0.426501 0.132757
v 0.075541 0.424304 0.141357
v 0.104158 0.443898 0.127167
v 0.096653 0.046994 -0.755837
v 0.086423 0.020672 -0.793145
v -0.090110 0.297351 0.166548
v -0.093765 0.288964 0.155450
v -0.105408 0.281953 0.163333
v -0.081895 0.295638 0.146375
v -0.027862 0.336234 0.127479
v -0.030879 0.321238 0.127876
v -0.030439 0.336574 0.133373
v -0.034270 0.335872 0.139487
v -0.033625 0.320644 0.132058
v -0.039100 0.332865 0.142540
v -0.026742 0.332204 0.116400
v -0.029649 0.320097 0.122915
v -0.026922 0.334528 0.121857
v -0.105408 0.281953 0.163333
v -0.129111 0.250134 0.168154
v -0.102655 0.276286 0.172667
v 0.099762 0.017153 -0.772979
v 0.105524 0.015104 -0.788986
v 0.107157 0.024378 -0.771903
v 0.086072 0.016771 -0.746463
v 0.091807 0.011628 -0.769206
v 0.102780 0.007992 -0.799107
v 0.063033 0.403126 0.147155
v 0.069457 0.403110 0.134286
v 0.079724 0.414299 0.138319
v 0.059236 0.391434 0.129093
v 0.007420 0.344108 0.128795
v 0.011355 0.356319 0.120455
v 0.008714 0.347663 0.134008
v 0.011261 0.352259 0.139002
v 0.013228 0.359561 0.123826
v 0.015571 0.356844 0.140448
v 0.008866 0.340349 0.117659
v 0.011243 0.354064 0.115730
v 0.007766 0.341908 0.123277
v 0.079724 0.414299 0.138319
v 0.104158 0.443898 0.127167
v 0.075541 0.424304 0.141357
v 0.107766 0.034792 -0.750275
v 0.097536 0.008469 -0.787583
v -0.078997 0.285149 0.172110
v -0.094295 0.269751 0.168895
v -0.082652 0.276762 0.161012
v -0.070782 0.283435 0.151938
v -0.016749 0.324032 0.133041
v -0.019326 0.324371 0.138935
v -0.030879 0.321238 0.127876
v -0.023157 0.323669 0.145049
v -0.027987 0.320662 0.148102
v -0.033625 0.320644 0.132058
v -0.015629 0.320002 0.121963
v -0.015808 0.322326 0.127419
v -0.029649 0.320097 0.122915
v -0.094295 0.269751 0.168895
v -0.102655 0.276286 0.172667
v -0.129111 0.250134 0.168154
v 0.071233 0.034198 -0.733122
v 0.096074 0.054832 -0.737486
v 0.067703 0.041639 -0.709744
v 0.094237 0.063679 -0.714406
v 0.019571 0.298717 -0.049595
v -0.011329 0.273051 -0.044166
v -0.010130 0.281801 -0.027365
v 0.014360 0.302143 -0.031668
v 0.012357 0.354762 0.087767
v -0.036213 0.314416 0.096301
v -0.032191 0.320238 0.101035
v 0.007051 0.352834 0.094140
v 0.006541 0.318912 0.020741
v -0.014348 0.301561 0.024411
v -0.018527 0.305966 0.042424
v 0.006645 0.326874 0.038001
v 0.007749 0.335425 0.054553
v -0.023581 0.309400 0.060057
v -0.029982 0.311838 0.078194
v 0.010138 0.345164 0.071145
v 0.010457 0.306656 -0.013971
v -0.010240 0.289464 -0.010334
v -0.012053 0.295712 0.006996
v 0.008258 0.312584 0.003428
v 0.000148 0.364461 0.133440
v -0.034270 0.335872 0.139487
v -0.037781 0.347829 0.172734
v -0.004036 0.375859 0.166805
v -0.002247 0.352551 0.112097
v -0.026742 0.332204 0.116400
v -0.026922 0.334528 0.121857
v -0.003347 0.354110 0.117715
v 0.002894 0.351861 0.100311
v -0.029317 0.325105 0.105971
v -0.027546 0.329056 0.111101
v -0.000159 0.351805 0.106289
v -0.003693 0.356310 0.123233
v -0.027862 0.336234 0.127479
v -0.030439 0.336574 0.133373
v -0.002399 0.359865 0.128446
v -0.034881 0.351979 0.176044
v -0.007837 0.374443 0.171292
v 0.013477 0.377004 0.134325
v 0.008302 0.386224 0.164892
v 0.012260 0.391246 0.168002
v 0.018422 0.380164 0.131378
v 0.004458 0.369046 0.134886
v 0.000490 0.378738 0.164077
v 0.004868 0.382461 0.163497
v 0.008872 0.373315 0.135433
v 0.026187 0.383726 0.123678
v 0.024154 0.397897 0.158828
v 0.035751 0.404947 0.151124
v 0.033671 0.386122 0.113980
v 0.010457 0.306656 -0.013971
v 0.008258 0.312584 0.003428
v 0.021846 0.313154 0.004798
v 0.023720 0.307514 -0.011319
v 0.096653 0.046994 -0.755837
v 0.096074 0.054832 -0.737486
v 0.110582 0.055939 -0.736777
v 0.112649 0.047875 -0.758596
v 0.006541 0.318912 0.020741
v 0.006645 0.326874 0.038001
v 0.021350 0.327802 0.037923
v 0.020789 0.319398 0.020608
v 0.094411 0.027307 -0.794548
v 0.096043 0.036581 -0.777465
v 0.112408 0.034270 -0.787962
v 0.106819 0.017890 -0.812730
v 0.007749 0.335425 0.054553
v 0.022457 0.335214 0.051972
v 0.091667 0.020195 -0.804669
v 0.100622 0.003780 -0.831305
v 0.019571 0.298717 -0.049595
v 0.014360 0.302143 -0.031668
v 0.027529 0.303197 -0.028402
v 0.033158 0.299287 -0.048225
v 0.094237 0.063679 -0.714406
v 0.107824 0.064249 -0.713036
v 0.010138 0.345164 0.071145
v 0.024498 0.345048 0.069468
v 0.012357 0.354762 0.087767
v 0.029356 0.359697 0.091900
v 0.019571 0.298717 -0.049595
v 0.033158 0.299287 -0.048225
v 0.008872 0.373315 0.135433
v 0.016407 0.362879 0.124752
v 0.018422 0.380164 0.131378
v 0.026187 0.383726 0.123678
v 0.031175 0.369704 0.110218
v 0.025418 0.368003 0.117990
v 0.033671 0.386122 0.113980
v 0.038238 0.371355 0.099729
v -0.000159 0.351805 0.106289
v 0.012641 0.352845 0.110264
v 0.013477 0.377004 0.134325
v 0.020673 0.366014 0.123104
v 0.012357 0.354762 0.087767
v 0.007051 0.352834 0.094140
v 0.020060 0.354552 0.099184
v 0.029356 0.359697 0.091900
v 0.002894 0.351861 0.100311
v 0.015011 0.352896 0.105640
v 0.048123 0.403636 0.123531
v 0.058344 0.415313 0.128724
v 0.071155 0.409906 0.118534
v 0.059633 0.396927 0.113082
v 0.033671 0.386122 0.113980
v 0.038238 0.371355 0.099729
v 0.068610 0.426501 0.132757
v 0.104158 0.443898 0.127167
v 0.024154 0.397897 0.158828
v 0.012260 0.391246 0.168002
v 0.014100 0.386836 0.181920
v 0.031409 0.396536 0.168615
v 0.035751 0.404947 0.151124
v 0.043005 0.403585 0.160911
v 0.051920 0.415328 0.141592
v 0.059010 0.413507 0.150700
v 0.008302 0.386224 0.164892
v 0.004868 0.382461 0.163497
v 0.007967 0.378547 0.175988
v 0.010611 0.382144 0.178596
v 0.000490 0.378738 0.164077
v -0.004036 0.375859 0.166805
v 0.001911 0.372577 0.174989
v 0.005273 0.375398 0.174461
v -0.032321 0.356777 0.181453
v -0.011780 0.373839 0.177844
v -0.001702 0.370691 0.178070
v -0.007837 0.374443 0.171292
v -0.011780 0.373839 0.177844
v -0.004331 0.370507 0.182922
v -0.048360 0.325639 0.145190
v -0.052815 0.320991 0.143895
v -0.055035 0.335348 0.179826
v -0.050180 0.337646 0.175167
v -0.039100 0.332865 0.142540
v -0.043825 0.329542 0.144692
v -0.046274 0.339980 0.172483
v -0.041852 0.343567 0.171516
v -0.059086 0.312894 0.138661
v -0.064593 0.304499 0.131246
v -0.075518 0.312521 0.170674
v -0.065258 0.323627 0.174538
v -0.010240 0.289464 -0.010334
v -0.012679 0.277280 -0.004924
v -0.014528 0.282940 0.011189
v -0.012053 0.295712 0.006996
v 0.074959 0.028974 -0.752025
v 0.070950 0.013238 -0.751270
v 0.067956 0.020531 -0.729287
v 0.071233 0.034198 -0.733122
v -0.014348 0.301561 0.024411
v -0.017155 0.287880 0.027275
v -0.021824 0.291940 0.045509
v -0.018527 0.305966 0.042424
v 0.086423 0.020672 -0.793145
v 0.089788 0.003743 -0.809737
v 0.078126 0.005794 -0.781939
v 0.080694 0.023830 -0.774768
v -0.026290 0.294723 0.060537
v -0.023581 0.309400 0.060057
v 0.091667 0.020195 -0.804669
v 0.100622 0.003780 -0.831305
v -0.011329 0.273051 -0.044166
v -0.013804 0.260278 -0.039974
v -0.012617 0.269849 -0.021348
v -0.010130 0.281801 -0.027365
v 0.065229 0.028867 -0.705552
v 0.067703 0.041639 -0.709744
v -0.032542 0.297668 0.079491
v -0.029982 0.311838 0.078194
v -0.042892 0.299685 0.104594
v -0.036213 0.314416 0.096301
v -0.013804 0.260278 -0.039974
v -0.011329 0.273051 -0.044166
v -0.037154 0.318389 0.134163
v -0.043825 0.329542 0.144692
v -0.052815 0.320991 0.143895
v -0.044943 0.309558 0.130352
v -0.049106 0.303019 0.124324
v -0.059086 0.312894 0.138661
v -0.053988 0.294748 0.115934
v -0.064593 0.304499 0.131246
v -0.027546 0.329056 0.111101
v -0.029815 0.317579 0.117724
v -0.048360 0.325639 0.145190
v -0.041209 0.314611 0.133977
v -0.036213 0.314416 0.096301
v -0.042892 0.299685 0.104594
v -0.034929 0.308875 0.108846
v -0.032191 0.320238 0.101035
v -0.029317 0.325105 0.105971
v -0.031192 0.314517 0.113758
v -0.081895 0.295638 0.146375
v -0.079419 0.281424 0.137514
v -0.092705 0.273797 0.147325
v -0.093765 0.288964 0.155450
v -0.064593 0.304499 0.131246
v -0.053988 0.294748 0.115934
v -0.129111 0.250134 0.168154
v -0.105408 0.281953 0.163333
v -0.065258 0.323627 0.174538
v -0.063122 0.318014 0.185225
v -0.048234 0.335059 0.192872
v -0.055035 0.335348 0.179826
v -0.075518 0.312521 0.170674
v -0.073382 0.306909 0.181360
v -0.090110 0.297351 0.166548
v -0.087642 0.291691 0.176467
v -0.050180 0.337646 0.175167
v -0.043817 0.336934 0.188159
v -0.040449 0.338331 0.184495
v -0.046274 0.339980 0.172483
v -0.041852 0.343567 0.171516
v -0.037283 0.340049 0.181939
v -0.033906 0.342826 0.181282
v -0.037781 0.347829 0.172734
v -0.030870 0.346462 0.183195
v -0.029276 0.349788 0.187305
v -0.032321 0.356777 0.181453
v -0.034881 0.351979 0.176044
v 0.107187 0.042629 -0.731924
v 0.082346 0.021996 -0.727560
v 0.105350 0.051477 -0.708844
v 0.078817 0.029437 -0.704182
v 0.030684 0.286515 -0.044033
v 0.025473 0.289941 -0.026106
v 0.000983 0.269598 -0.021803
v -0.000216 0.260848 -0.038604
v 0.023471 0.342559 0.093329
v 0.018165 0.340632 0.099702
v -0.021077 0.308036 0.106597
v -0.025100 0.302214 0.101863
v 0.017654 0.306710 0.026303
v 0.017758 0.314672 0.043563
v -0.007414 0.293763 0.047986
v -0.003235 0.289359 0.029974
v 0.018863 0.323223 0.060115
v 0.021251 0.332961 0.076707
v -0.018869 0.299636 0.083756
v -0.012468 0.297198 0.065620
v 0.021570 0.294454 -0.008408
v 0.019372 0.300382 0.008990
v -0.000940 0.283510 0.012559
v 0.000873 0.277262 -0.004772
v 0.011261 0.352259 0.139002
v 0.007077 0.363657 0.172368
v -0.026668 0.335627 0.178297
v -0.023157 0.323669 0.145049
v 0.008866 0.340349 0.117659
v 0.007766 0.341908 0.123277
v -0.015808 0.322326 0.127419
v -0.015629 0.320002 0.121963
v 0.014008 0.339659 0.105873
v 0.010954 0.339603 0.111851
v -0.016433 0.316854 0.116663
v -0.018204 0.312903 0.111533
v 0.007420 0.344108 0.128795
v 0.008714 0.347663 0.134008
v -0.019326 0.324371 0.138935
v -0.016749 0.324032 0.133041
v 0.003276 0.362241 0.176854
v -0.023768 0.339777 0.181606
v 0.024590 0.364801 0.139887
v 0.029536 0.367962 0.136940
v 0.023373 0.379044 0.173564
v 0.019415 0.374022 0.170454
v 0.015571 0.356844 0.140448
v 0.019985 0.361113 0.140995
v 0.015981 0.370258 0.169059
v 0.011604 0.366536 0.169639
v 0.037301 0.371524 0.129240
v 0.044785 0.373920 0.119542
v 0.046864 0.392744 0.156686
v 0.035267 0.385695 0.164390
v 0.021570 0.294454 -0.008408
v 0.023720 0.307514 -0.011319
v 0.021846 0.313154 0.004798
v 0.019372 0.300382 0.008990
v 0.107766 0.034792 -0.750275
v 0.112649 0.047875 -0.758596
v 0.110582 0.055939 -0.736777
v 0.107187 0.042629 -0.731924
v 0.017654 0.306710 0.026303
v 0.020789 0.319398 0.020608
v 0.021350 0.327802 0.037923
v 0.017758 0.314672 0.043563
v 0.105524 0.015104 -0.788986
v 0.106819 0.017890 -0.812730
v 0.112408 0.034270 -0.787962
v 0.107157 0.024378 -0.771903
v 0.022457 0.335214 0.051972
v 0.018863 0.323223 0.060115
v 0.102780 0.007992 -0.799107
v 0.100622 0.003780 -0.831305
v 0.030684 0.286515 -0.044033
v 0.033158 0.299287 -0.048225
v 0.027529 0.303197 -0.028402
v 0.025473 0.289941 -0.026106
v 0.107824 0.064249 -0.713036
v 0.105350 0.051477 -0.708844
v 0.024498 0.345048 0.069468
v 0.021251 0.332961 0.076707
v 0.029356 0.359697 0.091900
v 0.023471 0.342559 0.093329
v 0.033158 0.299287 -0.048225
v 0.030684 0.286515 -0.044033
v 0.016407 0.362879 0.124752
v 0.019985 0.361113 0.140995
v 0.029536 0.367962 0.136940
v 0.025418 0.368003 0.117990
v 0.031175 0.369704 0.110218
v 0.037301 0.371524 0.129240
v 0.038238 0.371355 0.099729
v 0.044785 0.373920 0.119542
v 0.010954 0.339603 0.111851
v 0.012641 0.352845 0.110264
v 0.024590 0.364801 0.139887
v 0.020673 0.366014 0.123104
v 0.023471 0.342559 0.093329
v 0.029356 0.359697 0.091900
v 0.020060 0.354552 0.099184
v 0.018165 0.340632 0.099702
v 0.014008 0.339659 0.105873
v 0.015011 0.352896 0.105640
v 0.059236 0.391434 0.129093
v 0.059633 0.396927 0.113082
v 0.071155 0.409906 0.118534
v 0.069457 0.403110 0.134286
v 0.044785 0.373920 0.119542
v 0.038238 0.371355 0.099729
v 0.104158 0.443898 0.127167
v 0.079724 0.414299 0.138319
v 0.035267 0.385695 0.164390
v 0.031409 0.396536 0.168615
v 0.014100 0.386836 0.181920
v 0.023373 0.379044 0.173564
v 0.046864 0.392744 0.156686
v 0.043005 0.403585 0.160911
v 0.063033 0.403126 0.147155
v 0.059010 0.413507 0.150700
v 0.019415 0.374022 0.170454
v 0.010611 0.382144 0.178596
v 0.007967 0.378547 0.175988
v 0.015981 0.370258 0.169059
v 0.011604 0.366536 0.169639
v 0.005273 0.375398 0.174461
v 0.001911 0.372577 0.174989
v 0.007077 0.363657 0.172368
v -0.000666 0.361637 0.183406
v -0.021207 0.344574 0.187015
v -0.001702 0.370691 0.178070
v -0.004331 0.370507 0.182922
v -0.000666 0.361637 0.183406
v 0.003276 0.362241 0.176854
v -0.037247 0.313437 0.150752
v -0.039067 0.325444 0.180729
v -0.043922 0.323146 0.185388
v -0.041702 0.308789 0.149457
v -0.027987 0.320662 0.148102
v -0.030739 0.331364 0.177078
v -0.035161 0.327777 0.178045
v -0.032712 0.317340 0.150254
v -0.047973 0.300692 0.144223
v -0.054145 0.311425 0.180101
v -0.064405 0.300319 0.176236
v -0.053480 0.292297 0.136808
v 0.000873 0.277262 -0.004772
v -0.000940 0.283510 0.012559
v -0.014528 0.282940 0.011189
v -0.012679 0.277280 -0.004924
v 0.086072 0.016771 -0.746463
v 0.082346 0.021996 -0.727560
v 0.067956 0.020531 -0.729287
v 0.070950 0.013238 -0.751270
v -0.003235 0.289359 0.029974
v -0.007414 0.293763 0.047986
v -0.021824 0.291940 0.045509
v -0.017155 0.287880 0.027275
v 0.097536 0.008469 -0.787583
v 0.091807 0.011628 -0.769206
v 0.078126 0.005794 -0.781939
v 0.089788 0.003743 -0.809737
v -0.012468 0.297198 0.065620
v -0.026290 0.294723 0.060537
v 0.102780 0.007992 -0.799107
v 0.100622 0.003780 -0.831305
v -0.000216 0.260848 -0.038604
v 0.000983 0.269598 -0.021803
v -0.012617 0.269849 -0.021348
v -0.013804 0.260278 -0.039974
v 0.078817 0.029437 -0.704182
v 0.065229 0.028867 -0.705552
v -0.018869 0.299636 0.083756
v -0.032542 0.297668 0.079491
v -0.025100 0.302214 0.101863
v -0.042892 0.299685 0.104594
v -0.000216 0.260848 -0.038604
v -0.013804 0.260278 -0.039974
v -0.032712 0.317340 0.150254
v -0.037154 0.318389 0.134163
v -0.041702 0.308789 0.149457
v -0.047973 0.300692 0.144223
v -0.049106 0.303019 0.124324
v -0.044943 0.309558 0.130352
v -0.053480 0.292297 0.136808
v -0.053988 0.294748 0.115934
v -0.016433 0.316854 0.116663
v -0.029815 0.317579 0.117724
v -0.037247 0.313437 0.150752
v -0.041209 0.314611 0.133977
v -0.025100 0.302214 0.101863
v -0.021077 0.308036 0.106597
v -0.034929 0.308875 0.108846
v -0.042892 0.299685 0.104594
v -0.018204 0.312903 0.111533
v -0.031192 0.314517 0.113758
v -0.070782 0.283435 0.151938
v -0.082652 0.276762 0.161012
v -0.092705 0.273797 0.147325
v -0.079419 0.281424 0.137514
v -0.053480 0.292297 0.136808
v -0.053988 0.294748 0.115934
v -0.094295 0.269751 0.168895
v -0.129111 0.250134 0.168154
v -0.054145 0.311425 0.180101
v -0.043922 0.323146 0.185388
v -0.048234 0.335059 0.192872
v -0.063122 0.318014 0.185225
v -0.064405 0.300319 0.176236
v -0.073382 0.306909 0.181360
v -0.078997 0.285149 0.172110
v -0.087642 0.291691 0.176467
v -0.039067 0.325444 0.180729
v -0.035161 0.327777 0.178045
v -0.040449 0.338331 0.184495
v -0.043817 0.336934 0.188159
v -0.030739 0.331364 0.177078
v -0.026668 0.335627 0.178297
v -0.033906 0.342826 0.181282
v -0.037283 0.340049 0.181939
v -0.030870 0.346462 0.183195
v -0.023768 0.339777 0.181606
v -0.021207 0.344574 0.187015
v -0.029276 0.349788 0.187305
vn -0.6381 0.7006 -0.3194
vn -0.0834 0.8747 -0.4774
vn -0.1418 0.7930 -0.5925
vn -0.1112 0.8524 -0.5109
vn -0.2637 0.6641 -0.6996
vn -0.3616 0.5414 -0.7590
vn -0.2714 0.6591 -0.7014
vn -0.0382 0.9728 -0.2286
vn -0.0511 0.9362 -0.3476
vn -0.0504 0.9560 -0.2890
vn -0.3200 0.8316 0.4540
vn -0.3210 0.8295 0.4570
vn -0.3265 0.8188 0.4723
vn -0.9284 0.1728 -0.3289
vn -0.9092 0.1895 -0.3707
vn -0.8635 0.1935 -0.4657
vn -0.7412 0.2675 -0.6157
vn -0.7355 0.2736 -0.6198
vn -0.6190 0.3276 -0.7138
vn -0.9796 0.1908 -0.0632
vn -0.9738 0.1890 -0.1268
vn -0.9665 0.1758 -0.1868
vn -0.6582 0.5506 0.5134
vn -0.6410 0.5575 0.5275
vn -0.6554 0.5518 0.5157
vn 0.6381 -0.7006 0.3194
vn 0.9612 -0.2722 0.0454
vn 0.9497 -0.3125 0.0201
vn 0.9241 -0.3775 -0.0589
vn 0.8299 -0.5367 -0.1523
vn 0.8247 -0.5445 -0.1527
vn 0.7262 -0.6531 -0.2145
vn 0.9558 -0.1187 0.2689
vn 0.9632 -0.1569 0.2183
vn 0.9693 -0.1842 0.1631
vn 0.4991 -0.0677 0.8639
vn 0.4790 -0.0656 0.8754
vn 0.4958 -0.0674 0.8658
vn 0.1161 -0.9741 0.1939
vn 0.2024 -0.9769 0.0679
vn 0.1517 -0.9753 0.1603
vn 0.3524 -0.9333 -0.0684
vn 0.4689 -0.8669 -0.1693
vn 0.3607 -0.9300 -0.0712
vn 0.0144 -0.9007 0.4343
vn 0.0538 -0.9446 0.3239
vn 0.0398 -0.9239 0.3805
vn 0.1609 -0.3487 0.9233
vn 0.1614 -0.3451 0.9246
vn 0.1644 -0.3269 0.9307
vn -0.0080 0.9579 -0.2869
vn -0.0105 0.9399 -0.3413
vn -0.0106 0.9398 -0.3416
vn -0.0077 0.9573 -0.2891
vn -0.1070 0.9127 -0.3943
vn -0.0582 0.9314 -0.3594
vn -0.0582 0.9313 -0.3595
vn -0.1118 0.9100 -0.3992
vn -0.0338 0.9191 -0.3926
vn -0.0548 0.8954 -0.4418
vn -0.0555 0.8948 -0.4431
vn -0.0333 0.9196 -0.3915
vn -0.1533 0.8459 -0.5109
vn -0.1381 0.8836 -0.4475
vn -0.1430 0.8700 -0.4718
vn -0.1642 0.8263 -0.5388
vn -0.0626 0.8776 -0.4752
vn -0.0626 0.8784 -0.4738
vn -0.1691 0.8169 -0.5514
vn -0.1691 0.8169 -0.5515
vn -0.0252 0.9799 -0.1977
vn -0.0198 0.9746 -0.2233
vn -0.0197 0.9745 -0.2236
vn -0.0251 0.9799 -0.1977
vn -0.0182 0.9401 -0.3403
vn -0.0181 0.9402 -0.3403
vn -0.0764 0.8614 -0.5021
vn -0.0769 0.8612 -0.5025
vn -0.0909 0.8533 -0.5133
vn -0.0909 0.8533 -0.5134
vn -0.0059 0.9426 -0.3339
vn -0.4609 0.4604 -0.7587
vn -0.4567 0.4638 -0.7591
vn -0.7240 0.2671 -0.6360
vn -0.7833 0.2487 -0.5698
vn -0.7974 0.2470 -0.5506
vn -0.7486 0.2583 -0.6107
vn -0.8091 0.2454 -0.5339
vn -0.8092 0.2454 -0.5339
vn -0.0566 0.9922 -0.1114
vn -0.0581 0.9929 -0.1035
vn -0.6101 0.3447 -0.7134
vn -0.6368 0.3249 -0.6992
vn -0.2698 0.9420 0.1994
vn -0.1979 0.9703 0.1389
vn -0.2250 0.9609 0.1616
vn -0.2699 0.9420 0.1994
vn -0.1076 0.9937 0.0299
vn -0.1143 0.9926 0.0410
vn -0.3047 0.6115 -0.7302
vn -0.3494 0.5853 -0.7317
vn -0.3531 0.5832 -0.7316
vn -0.3028 0.6127 -0.7300
vn -0.2849 0.6239 -0.7278
vn -0.2848 0.6238 -0.7278
vn -0.3792 0.5679 -0.7305
vn -0.2845 0.8978 0.3363
vn -0.5680 0.7582 0.3201
vn -0.6293 0.7108 0.3144
vn -0.2833 0.8983 0.3358
vn -0.3093 0.8774 0.3667
vn -0.3094 0.8773 0.3669
vn -0.3141 0.8557 0.4113
vn -0.3141 0.8550 0.4128
vn -0.8233 0.4833 0.2978
vn -0.7366 0.5630 0.3749
vn -0.7535 0.5484 0.3626
vn -0.8298 0.4778 0.2885
vn -0.5309 0.7097 0.4632
vn -0.2033 0.8598 0.4684
vn -0.1756 0.8687 0.4632
vn -0.5370 0.7061 0.4617
vn 0.1713 0.9340 0.3134
vn 0.1307 0.9308 0.3414
vn 0.2856 0.9306 0.2288
vn -0.9821 0.1489 -0.1157
vn -0.9819 0.1480 -0.1179
vn -0.9753 0.1385 -0.1721
vn -0.9754 0.1384 -0.1718
vn -0.9443 0.2172 -0.2472
vn -0.9419 0.2205 -0.2533
vn -0.9631 0.1798 -0.2005
vn -0.9631 0.1797 -0.2004
vn -0.9620 0.1481 -0.2296
vn -0.9623 0.1479 -0.2283
vn -0.9453 0.1557 -0.2868
vn -0.9458 0.1554 -0.2853
vn -0.8961 0.2289 -0.3804
vn -0.8811 0.2308 -0.4129
vn -0.9131 0.2304 -0.3365
vn -0.9220 0.2325 -0.3098
vn -0.9346 0.1541 -0.3205
vn -0.9342 0.1536 -0.3221
vn -0.8738 0.2316 -0.4276
vn -0.9823 0.1850 -0.0295
vn -0.9823 0.1849 -0.0295
vn -0.9832 0.1742 -0.0543
vn -0.9832 0.1743 -0.0540
vn -0.9742 0.1460 -0.1723
vn -0.9741 0.1461 -0.1724
vn -0.9215 0.1596 -0.3541
vn -0.9217 0.1592 -0.3536
vn -0.9139 0.1698 -0.3688
vn -0.9772 0.1358 -0.1632
vn -0.5287 0.4040 -0.7465
vn -0.5246 0.4074 -0.7475
vn -0.2703 0.6440 -0.7157
vn -0.2526 0.6703 -0.6978
vn -0.2215 0.7253 -0.6518
vn -0.2294 0.7088 -0.6671
vn -0.2146 0.7392 -0.6384
vn -0.2147 0.7392 -0.6384
vn -0.9714 0.2323 0.0493
vn -0.9703 0.2352 0.0567
vn -0.3795 0.5362 -0.7540
vn -0.3531 0.5605 -0.7491
vn -0.8250 0.4809 0.2969
vn -0.8249 0.4810 0.2969
vn -0.8581 0.4350 0.2729
vn -0.8763 0.4068 0.2581
vn -0.9358 0.3058 0.1755
vn -0.9314 0.3139 0.1846
vn -0.6900 0.2914 -0.6625
vn -0.6914 0.2898 -0.6618
vn -0.6551 0.3323 -0.6785
vn -0.6578 0.3291 -0.6775
vn -0.7047 0.2751 -0.6540
vn -0.6359 0.3546 -0.6854
vn -0.6360 0.3547 -0.6854
vn -0.7519 0.5095 0.4184
vn -0.7527 0.5085 0.4182
vn -0.5199 0.8016 0.2951
vn -0.5745 0.7529 0.3212
vn -0.7220 0.5346 0.4392
vn -0.7218 0.5347 0.4394
vn -0.6911 0.5425 0.4775
vn -0.6901 0.5426 0.4788
vn -0.2722 0.9410 0.2010
vn -0.2677 0.9446 0.1897
vn -0.3332 0.8976 0.2888
vn -0.3475 0.8862 0.3065
vn -0.5044 0.7316 0.4586
vn -0.5002 0.7366 0.4552
vn -0.7157 0.4203 0.5578
vn -0.7014 0.4460 0.5559
vn -0.8655 0.0728 0.4956
vn -0.8980 -0.0526 0.4368
vn -0.8501 0.1161 0.5137
vn 0.9719 -0.1181 0.2036
vn 0.9723 -0.1187 0.2014
vn 0.9775 -0.1452 0.1530
vn 0.9775 -0.1449 0.1531
vn 0.9569 -0.2554 0.1382
vn 0.9556 -0.2619 0.1351
vn 0.9684 -0.1959 0.1544
vn 0.9684 -0.1958 0.1544
vn 0.9755 -0.1891 0.1125
vn 0.9756 -0.1882 0.1134
vn 0.9703 -0.2316 0.0703
vn 0.9705 -0.2304 0.0714
vn 0.9360 -0.3502 0.0343
vn 0.9279 -0.3728 0.0078
vn 0.9436 -0.3231 0.0721
vn 0.9467 -0.3076 0.0955
vn 0.9669 -0.2519 0.0415
vn 0.9668 -0.2526 0.0399
vn 0.9237 -0.3831 -0.0045
vn 0.9520 -0.0931 0.2915
vn 0.9520 -0.0931 0.2914
vn 0.9587 -0.0999 0.2662
vn 0.9587 -0.0998 0.2665
vn 0.9759 -0.1512 0.1572
vn 0.9759 -0.1514 0.1572
vn 0.9605 -0.2778 0.0167
vn 0.9606 -0.2773 0.0169
vn 0.9553 -0.2954 0.0103
vn 0.9778 -0.1374 0.1584
vn 0.6393 -0.7396 -0.2106
vn 0.6353 -0.7432 -0.2101
vn 0.3636 -0.9271 -0.0916
vn 0.3408 -0.9379 -0.0654
vn 0.2971 -0.9548 -0.0028
vn 0.3091 -0.9507 -0.0230
vn 0.2867 -0.9579 0.0146
vn 0.9220 -0.0823 0.3784
vn 0.9192 -0.0802 0.3856
vn 0.4857 -0.8584 -0.1650
vn 0.4572 -0.8764 -0.1517
vn 0.7109 -0.1348 0.6902
vn 0.7109 -0.1349 0.6902
vn 0.7514 -0.1113 0.6503
vn 0.7742 -0.0970 0.6255
vn 0.8563 -0.0646 0.5124
vn 0.8496 -0.0657 0.5234
vn 0.7878 -0.5880 -0.1835
vn 0.7891 -0.5862 -0.1836
vn 0.7540 -0.6324 -0.1775
vn 0.7566 -0.6291 -0.1782
vn 0.8015 -0.5690 -0.1840
vn 0.8015 -0.5690 -0.1841
vn 0.7351 -0.6556 -0.1728
vn 0.6128 -0.0875 0.7854
vn 0.6137 -0.0867 0.7848
vn 0.3905 -0.4090 0.8248
vn 0.4420 -0.3508 0.8256
vn 0.5776 -0.0964 0.8106
vn 0.5774 -0.0964 0.8108
vn 0.5391 -0.0811 0.8383
vn 0.5379 -0.0805 0.8392
vn 0.1578 -0.5940 0.7889
vn 0.1555 -0.6041 0.7816
vn 0.2027 -0.5014 0.8412
vn 0.2138 -0.4805 0.8505
vn 0.3471 -0.2544 0.9027
vn 0.3434 -0.2606 0.9023
vn 0.5555 0.0658 0.8289
vn 0.5401 0.0436 0.8405
vn 0.7392 0.3105 0.5977
vn 0.7918 0.3748 0.4822
vn 0.7174 0.2866 0.6350
vn -0.0021 -0.9271 0.3747
vn 0.0127 -0.9464 0.3227
vn 0.0128 -0.9465 0.3225
vn -0.0020 -0.9280 0.3726
vn 0.1196 -0.9509 0.2853
vn 0.0635 -0.9475 0.3134
vn 0.0636 -0.9475 0.3134
vn 0.1254 -0.9515 0.2809
vn 0.0473 -0.9601 0.2756
vn 0.0796 -0.9704 0.2279
vn 0.0805 -0.9706 0.2266
vn 0.0466 -0.9598 0.2767
vn 0.1932 -0.9672 0.1648
vn 0.1629 -0.9587 0.2332
vn 0.1736 -0.9627 0.2074
vn 0.2110 -0.9683 0.1337
vn 0.0952 -0.9766 0.1931
vn 0.0948 -0.9763 0.1947
vn 0.2190 -0.9684 0.1193
vn 0.2191 -0.9684 0.1193
vn -0.0051 -0.8881 0.4596
vn -0.0047 -0.9001 0.4357
vn -0.0048 -0.9002 0.4354
vn 0.0200 -0.9454 0.3252
vn 0.0198 -0.9454 0.3252
vn 0.1153 -0.9795 0.1655
vn 0.1158 -0.9794 0.1651
vn 0.1324 -0.9790 0.1549
vn 0.1323 -0.9790 0.1549
vn 0.0064 -0.9443 0.3291
vn 0.5715 -0.7961 -0.1989
vn 0.5673 -0.7994 -0.1980
vn 0.8173 -0.5502 -0.1713
vn 0.8630 -0.4907 -0.1203
vn 0.8730 -0.4765 -0.1040
vn 0.8368 -0.5259 -0.1526
vn 0.8812 -0.4641 -0.0899
vn 0.0072 -0.8422 0.5391
vn 0.0070 -0.8378 0.5459
vn 0.7162 -0.6669 -0.2055
vn 0.7409 -0.6407 -0.2015
vn 0.1558 -0.5959 0.7878
vn 0.0958 -0.6605 0.7447
vn 0.1183 -0.6372 0.7616
vn 0.0281 -0.7526 0.6579
vn 0.0325 -0.7444 0.6670
vn 0.4024 -0.9081 -0.1158
vn 0.4482 -0.8853 -0.1240
vn 0.4520 -0.8833 -0.1244
vn 0.4004 -0.9091 -0.1153
vn 0.3817 -0.9177 -0.1103
vn 0.4783 -0.8688 -0.1277
vn 0.1454 -0.4757 0.8675
vn 0.4356 -0.3561 0.8267
vn 0.4999 -0.3181 0.8055
vn 0.1444 -0.4765 0.8672
vn 0.1649 -0.4392 0.8831
vn 0.1649 -0.4390 0.8832
vn 0.1620 -0.3943 0.9046
vn 0.1619 -0.3929 0.9052
vn 0.7089 -0.1362 0.6920
vn 0.6029 -0.1573 0.7821
vn 0.6229 -0.1523 0.7673
vn 0.7176 -0.1372 0.6829
vn 0.3736 -0.2324 0.8980
vn 0.0420 -0.3702 0.9280
vn 0.0154 -0.3823 0.9239
vn 0.3801 -0.2301 0.8959
vn -0.2976 -0.5507 0.7798
vn -0.2634 -0.5280 0.8073
vn -0.3918 -0.6084 0.6902
vt 0.229059 0.972028
vt 0.219760 0.968583
vt 0.222479 0.986993
vt 0.238868 0.970568
vt 0.245148 0.948538
vt 0.226313 0.998457
vt 0.238687 0.019481
vt 0.218143 0.023507
vt 0.231154 0.030951
vt 0.244154 0.039596
vt 0.225310 0.106685
vt 0.222946 0.112360
vt 0.238487 0.112979
vt 0.221437 0.119112
vt 0.223089 0.125048
vt 0.237557 0.117696
vt 0.232930 0.098318
vt 0.228849 0.102244
vt 0.241266 0.108824
vt 0.112604 0.420221
vt 0.101940 0.421530
vt 0.103487 0.457248
vt 0.218143 0.945732
vt 0.232422 0.988026
vt 0.415496 0.037855
vt 0.420510 0.050628
vt 0.434774 0.046019
vt 0.406010 0.056416
vt 0.215313 0.249605
vt 0.228490 0.243311
vt 0.212949 0.243929
vt 0.211440 0.237178
vt 0.227560 0.238594
vt 0.213091 0.231241
vt 0.222933 0.257971
vt 0.231269 0.247465
vt 0.218852 0.254045
vt 0.129639 0.451503
vt 0.120521 0.414476
vt 0.118974 0.450194
vt 0.207207 0.027903
vt 0.203844 0.011904
vt 0.197398 0.029363
vt 0.218124 0.054202
vt 0.216506 0.031349
vt 0.209953 0.001472
vt 0.020779 0.962084
vt 0.015765 0.949311
vt 0.001503 0.953920
vt 0.030265 0.943523
vt 0.225310 0.331943
vt 0.238487 0.325649
vt 0.222946 0.326268
vt 0.221437 0.319516
vt 0.237557 0.320932
vt 0.223089 0.313580
vt 0.232930 0.340310
vt 0.241266 0.329804
vt 0.228849 0.336384
vt 0.169576 0.081225
vt 0.160459 0.044197
vt 0.158912 0.079915
vt 0.191116 0.051396
vt 0.213788 0.012937
vt 0.197581 0.980456
vt 0.218124 0.976430
vt 0.205114 0.968986
vt 0.192114 0.960341
vt 0.215313 0.166561
vt 0.212949 0.172236
vt 0.228490 0.172855
vt 0.211440 0.178988
vt 0.213091 0.184924
vt 0.227560 0.177572
vt 0.222933 0.158194
vt 0.218852 0.162120
vt 0.231269 0.168700
vt 0.152592 0.344227
vt 0.141928 0.345536
vt 0.143475 0.381254
vt 0.249065 0.929900
vt 0.218143 0.926686
vt 0.252560 0.906513
vt 0.219531 0.903081
vt 0.286734 0.229945
vt 0.325200 0.233942
vt 0.323036 0.215963
vt 0.292549 0.212794
vt 0.290338 0.088281
vt 0.350802 0.094564
vt 0.345580 0.088343
vt 0.296729 0.083266
vt 0.300267 0.160332
vt 0.326271 0.163034
vt 0.330790 0.145471
vt 0.299455 0.142215
vt 0.297418 0.124526
vt 0.336421 0.128579
vt 0.343717 0.111583
vt 0.293773 0.106392
vt 0.296735 0.195475
vt 0.322501 0.198152
vt 0.324086 0.180562
vt 0.298801 0.177934
vt 0.303818 0.044252
vt 0.346664 0.048705
vt 0.349746 0.014969
vt 0.307738 0.010604
vt 0.307659 0.067366
vt 0.338152 0.070535
vt 0.338161 0.064873
vt 0.308814 0.061824
vt 0.301689 0.078103
vt 0.341787 0.082270
vt 0.339368 0.076340
vt 0.305275 0.072797
vt 0.309030 0.056151
vt 0.339117 0.059278
vt 0.342110 0.053910
vt 0.307204 0.050283
vt 0.345985 0.010593
vt 0.312318 0.007094
vt 0.287098 0.039147
vt 0.292368 0.008741
vt 0.287291 0.004242
vt 0.281023 0.040684
vt 0.298365 0.041385
vt 0.302179 0.012044
vt 0.296722 0.011279
vt 0.292818 0.039429
vt 0.271607 0.046318
vt 0.272764 0.010125
vt 0.258552 0.014563
vt 0.262622 0.054133
vt 0.094328 0.494729
vt 0.092597 0.512305
vt 0.105588 0.513447
vt 0.107035 0.497122
vt 0.016578 0.860815
vt 0.015402 0.841802
vt 0.001503 0.842025
vt 0.001465 0.864309
vt 0.091321 0.529923
vt 0.091845 0.548051
vt 0.105903 0.548028
vt 0.104921 0.529683
vt 0.022861 0.901839
vt 0.019380 0.883555
vt 0.004636 0.895028
vt 0.013222 0.922552
vt 0.093355 0.565792
vt 0.107356 0.563150
vt 0.026875 0.913244
vt 0.021879 0.943893
vt 0.102329 0.459724
vt 0.097693 0.477230
vt 0.110324 0.480240
vt 0.115321 0.460862
vt 0.015072 0.818154
vt 0.002032 0.817886
vt 0.096168 0.584074
vt 0.109839 0.582237
vt 0.098812 0.602318
vt 0.115321 0.607631
vt 0.026875 0.141817
vt 0.013838 0.141549
vt 0.225352 0.130479
vt 0.238861 0.121975
vt 0.233678 0.138982
vt 0.243667 0.143530
vt 0.257957 0.130780
vt 0.248884 0.128432
vt 0.255127 0.146783
vt 0.269886 0.133191
vt 0.237817 0.094954
vt 0.245464 0.105257
vt 0.228782 0.135068
vt 0.242458 0.125857
vt 0.258196 0.087809
vt 0.250291 0.089688
vt 0.257596 0.100941
vt 0.269886 0.100625
vt 0.243537 0.092069
vt 0.249894 0.103030
vt 0.212995 0.490917
vt 0.212276 0.506516
vt 0.228646 0.508142
vt 0.229153 0.490790
vt 0.215683 0.467565
vt 0.232538 0.456683
vt 0.212453 0.521508
vt 0.232538 0.553932
vt 0.107457 0.364194
vt 0.104461 0.348810
vt 0.091534 0.343332
vt 0.095860 0.365709
vt 0.109454 0.378948
vt 0.097858 0.380463
vt 0.111341 0.399325
vt 0.100286 0.400756
vt 0.108708 0.343519
vt 0.111242 0.339164
vt 0.099136 0.334905
vt 0.095813 0.338549
vt 0.112604 0.333824
vt 0.112514 0.328082
vt 0.102397 0.327294
vt 0.101499 0.331415
vt 0.342566 0.004122
vt 0.316995 0.001465
vt 0.101836 0.322452
vt 0.111264 0.322449
vt 0.109091 0.315461
vt 0.100143 0.317464
vt 0.364077 0.047146
vt 0.369705 0.049900
vt 0.371064 0.012948
vt 0.365171 0.016307
vt 0.352589 0.047020
vt 0.358420 0.046246
vt 0.360388 0.017895
vt 0.354890 0.017522
vt 0.377761 0.057350
vt 0.384948 0.066845
vt 0.397067 0.028957
vt 0.384071 0.021692
vt 0.134434 0.175455
vt 0.147141 0.173062
vt 0.145694 0.156737
vt 0.132703 0.157879
vt 0.059666 0.178312
vt 0.044562 0.174792
vt 0.044562 0.197072
vt 0.058458 0.197318
vt 0.131427 0.140261
vt 0.145027 0.140501
vt 0.146009 0.122156
vt 0.131950 0.122133
vt 0.066019 0.137305
vt 0.056417 0.116581
vt 0.047785 0.144084
vt 0.062507 0.155581
vt 0.147461 0.107034
vt 0.133461 0.104391
vt 0.070051 0.125910
vt 0.065109 0.095259
vt 0.142435 0.210460
vt 0.155426 0.209322
vt 0.150429 0.189944
vt 0.137798 0.192953
vt 0.045049 0.221207
vt 0.058087 0.220961
vt 0.149945 0.087947
vt 0.136274 0.086110
vt 0.155426 0.062553
vt 0.138918 0.067866
vt 0.055687 0.897590
vt 0.068727 0.897344
vt 0.228864 0.234315
vt 0.215355 0.225811
vt 0.223681 0.217308
vt 0.238887 0.227858
vt 0.247960 0.225509
vt 0.233670 0.212759
vt 0.259889 0.223098
vt 0.245129 0.209507
vt 0.227820 0.261335
vt 0.235466 0.251033
vt 0.218785 0.221222
vt 0.232461 0.230433
vt 0.248199 0.268481
vt 0.259889 0.255664
vt 0.247599 0.255348
vt 0.240294 0.266601
vt 0.233540 0.264220
vt 0.239897 0.253260
vt 0.192127 0.751310
vt 0.208284 0.751437
vt 0.207778 0.734085
vt 0.191407 0.735711
vt 0.194814 0.774662
vt 0.211669 0.785544
vt 0.211669 0.688295
vt 0.191584 0.720719
vt 0.124491 0.507530
vt 0.112895 0.506015
vt 0.108569 0.528392
vt 0.121495 0.522914
vt 0.126488 0.492776
vt 0.114892 0.491261
vt 0.128376 0.472399
vt 0.117320 0.470968
vt 0.125742 0.528205
vt 0.112848 0.533175
vt 0.116171 0.536819
vt 0.128277 0.532560
vt 0.129639 0.537900
vt 0.118533 0.540309
vt 0.119431 0.544429
vt 0.129548 0.543641
vt 0.118870 0.549271
vt 0.117177 0.554260
vt 0.126125 0.556263
vt 0.128298 0.549275
vt 0.187200 0.070035
vt 0.218124 0.073249
vt 0.183705 0.093424
vt 0.216736 0.096856
vt 0.111070 0.766004
vt 0.113234 0.783983
vt 0.143720 0.787151
vt 0.149535 0.770001
vt 0.085470 0.905377
vt 0.090693 0.911598
vt 0.139542 0.916674
vt 0.145932 0.911659
vt 0.110000 0.836909
vt 0.105481 0.854471
vt 0.136815 0.857727
vt 0.136003 0.839611
vt 0.099851 0.871363
vt 0.092555 0.888359
vt 0.142497 0.893548
vt 0.138852 0.875415
vt 0.113770 0.801792
vt 0.112184 0.819382
vt 0.137469 0.822009
vt 0.139534 0.804470
vt 0.089608 0.951234
vt 0.086527 0.984968
vt 0.128533 0.989333
vt 0.132453 0.955686
vt 0.098120 0.929405
vt 0.098111 0.935066
vt 0.127457 0.938115
vt 0.128612 0.932573
vt 0.094485 0.917670
vt 0.096904 0.923600
vt 0.130996 0.927142
vt 0.134582 0.921837
vt 0.097155 0.940661
vt 0.094162 0.946029
vt 0.129067 0.949656
vt 0.127241 0.943788
vt 0.090288 0.989344
vt 0.123953 0.992843
vt 0.072197 0.952792
vt 0.066569 0.950039
vt 0.065209 0.986990
vt 0.071103 0.983630
vt 0.083683 0.952918
vt 0.077853 0.953692
vt 0.075886 0.982042
vt 0.081383 0.982416
vt 0.058512 0.942589
vt 0.051326 0.933095
vt 0.039207 0.970981
vt 0.052203 0.978245
vt 0.164424 0.900864
vt 0.177131 0.898471
vt 0.175685 0.882146
vt 0.162694 0.883287
vt 0.085113 0.154701
vt 0.070009 0.151181
vt 0.070009 0.173461
vt 0.083905 0.173707
vt 0.161418 0.865670
vt 0.175018 0.865910
vt 0.176000 0.847565
vt 0.161941 0.847542
vt 0.091465 0.113694
vt 0.081864 0.092970
vt 0.073232 0.120473
vt 0.087953 0.131970
vt 0.177452 0.832443
vt 0.163452 0.829800
vt 0.095498 0.102299
vt 0.090556 0.071648
vt 0.172426 0.935868
vt 0.185417 0.934731
vt 0.180420 0.915353
vt 0.167789 0.918362
vt 0.070496 0.197596
vt 0.083534 0.197350
vt 0.179936 0.813355
vt 0.166265 0.811519
vt 0.185417 0.787962
vt 0.168909 0.793274
vt 0.081133 0.873978
vt 0.094174 0.873732
vt 0.238861 0.316653
vt 0.225352 0.308149
vt 0.233678 0.299646
vt 0.248884 0.310196
vt 0.257957 0.307847
vt 0.243667 0.295098
vt 0.269886 0.305437
vt 0.255126 0.291845
vt 0.237817 0.343673
vt 0.245464 0.333371
vt 0.228782 0.303560
vt 0.242458 0.312771
vt 0.258196 0.350819
vt 0.269886 0.338002
vt 0.257596 0.337687
vt 0.250291 0.348940
vt 0.243537 0.346558
vt 0.249894 0.335598
vt 0.196827 0.620134
vt 0.212984 0.620261
vt 0.212478 0.602909
vt 0.196108 0.604534
vt 0.199515 0.643486
vt 0.216370 0.654368
vt 0.216370 0.557119
vt 0.196284 0.589543
vt 0.164429 0.137252
vt 0.152832 0.135736
vt 0.148506 0.158114
vt 0.161433 0.152636
vt 0.166426 0.122498
vt 0.154829 0.120982
vt 0.168313 0.102121
vt 0.157258 0.100690
vt 0.165679 0.157926
vt 0.152785 0.162896
vt 0.156108 0.166541
vt 0.168214 0.162282
vt 0.169576 0.167621
vt 0.158470 0.170030
vt 0.159369 0.174151
vt 0.169485 0.173363
vt 0.093707 0.995815
vt 0.119277 0.998472
vt 0.158808 0.178993
vt 0.157115 0.183982
vt 0.166062 0.185984
vt 0.168236 0.178997
vt 0.149173 0.960791
vt 0.143903 0.991195
vt 0.148980 0.995694
vt 0.155247 0.959254
vt 0.137905 0.958552
vt 0.134092 0.987893
vt 0.139549 0.988658
vt 0.143452 0.960509
vt 0.164662 0.953620
vt 0.163506 0.989811
vt 0.177718 0.985373
vt 0.173647 0.945805
vt 0.144430 0.806612
vt 0.142700 0.824189
vt 0.155691 0.825331
vt 0.157137 0.809005
vt 0.033347 0.799931
vt 0.032172 0.780919
vt 0.018273 0.781141
vt 0.018235 0.803425
vt 0.141424 0.841806
vt 0.141947 0.859934
vt 0.156006 0.859912
vt 0.155024 0.841567
vt 0.039631 0.840956
vt 0.036149 0.822671
vt 0.021405 0.834144
vt 0.029992 0.861668
vt 0.143458 0.877676
vt 0.157458 0.875034
vt 0.043644 0.852361
vt 0.038649 0.883009
vt 0.152432 0.771608
vt 0.147795 0.789114
vt 0.160426 0.792123
vt 0.165423 0.772745
vt 0.031841 0.757271
vt 0.018801 0.757003
vt 0.146271 0.895958
vt 0.159942 0.894121
vt 0.148915 0.914202
vt 0.165423 0.919514
vt 0.043644 0.080934
vt 0.030607 0.080665
vt 0.215355 0.190355
vt 0.228864 0.181851
vt 0.223681 0.198858
vt 0.233670 0.203406
vt 0.247960 0.190656
vt 0.238887 0.188308
vt 0.245130 0.206659
vt 0.259889 0.193067
vt 0.227820 0.154830
vt 0.235467 0.165133
vt 0.218785 0.194944
vt 0.232461 0.185733
vt 0.248199 0.147685
vt 0.240294 0.149564
vt 0.247599 0.160817
vt 0.259889 0.160501
vt 0.233540 0.151945
vt 0.239897 0.162906
vt 0.052169 0.037531
vt 0.051450 0.053130
vt 0.067820 0.054755
vt 0.068326 0.037403
vt 0.054857 0.014178
vt 0.071712 0.003297
vt 0.051627 0.068121
vt 0.071712 0.100545
vt 0.147445 0.288199
vt 0.144449 0.272815
vt 0.131522 0.267337
vt 0.135848 0.289715
vt 0.149442 0.302953
vt 0.137845 0.304469
vt 0.151329 0.323330
vt 0.140274 0.324761
vt 0.148695 0.267525
vt 0.151230 0.263169
vt 0.139124 0.258910
vt 0.135801 0.262555
vt 0.152592 0.257830
vt 0.152502 0.252088
vt 0.142385 0.251300
vt 0.141487 0.255421
vt 0.141824 0.246458
vt 0.151252 0.246454
vt 0.149079 0.239467
vt 0.140131 0.241469
s 0
usemtl kirito_s1_txtr
f 1/1/1 2/2/1 3/3/1
f 1/1/1 4/4/1 5/5/1
f 6/6/1 1/1/1 3/3/1
f 7/7/1 8/8/1 9/9/1
f 10/10/1 7/7/1 9/9/1
s 1
f 11/11/2 12/12/3 13/13/4
f 14/14/5 15/15/6 16/16/7
f 17/17/8 18/18/9 19/19/10
f 20/20/11 21/21/12 22/22/13
s 0
f 1/1/1 5/5/1 23/23/1
f 1/1/1 24/24/1 4/4/1
f 6/6/1 24/24/1 1/1/1
f 25/25/1 26/26/1 27/27/1
f 28/28/1 26/26/1 25/25/1
s 1
f 29/29/14 30/30/15 31/31/16
f 32/32/17 33/33/18 34/34/19
f 35/35/20 36/36/21 37/37/22
f 38/38/23 39/39/24 40/40/25
s 0
f 2/2/1 1/1/1 23/23/1
f 41/41/26 42/42/26 43/43/26
f 41/41/26 44/44/26 45/45/26
f 46/46/26 42/42/26 41/41/26
f 47/47/26 48/48/26 49/49/26
f 50/50/26 48/48/26 47/47/26
s 1
f 51/51/27 52/52/28 53/53/29
f 54/54/30 55/55/31 56/56/32
f 57/57/33 58/58/34 59/59/35
f 60/60/36 61/61/37 62/62/38
s 0
f 41/41/26 63/63/26 44/44/26
f 41/41/26 45/45/26 64/64/26
f 46/46/26 41/41/26 64/64/26
f 65/65/26 66/66/26 67/67/26
f 68/68/26 65/65/26 67/67/26
s 1
f 69/69/39 70/70/40 71/71/41
f 72/72/42 73/73/43 74/74/44
f 75/75/45 76/76/46 77/77/47
f 78/78/48 79/79/49 80/80/50
s 0
f 43/43/26 63/63/26 41/41/26
f 23/23/1 5/5/1 81/81/1
f 23/23/1 81/81/1 82/82/1
f 82/82/1 81/81/1 83/83/1
f 82/82/1 83/83/1 84/84/1
f 85/85/1 86/86/1 87/87/1
f 85/85/1 87/87/1 88/88/1
f 89/89/1 90/90/1 91/91/1
f 89/89/1 91/91/1 92/92/1
f 93/93/1 94/94/1 95/95/1
f 93/93/1 95/95/1 96/96/1
f 97/97/1 98/98/1 99/99/1
f 97/97/1 99/99/1 100/100/1
f 101/101/1 102/102/1 103/103/1
f 101/101/1 103/103/1 104/104/1
f 88/88/1 87/87/1 102/102/1
f 88/88/1 102/102/1 101/101/1
f 104/104/1 103/103/1 94/94/1
f 104/104/1 94/94/1 93/93/1
f 96/96/1 95/95/1 98/98/1
f 96/96/1 98/98/1 97/97/1
f 100/100/1 99/99/1 90/90/1
f 100/100/1 90/90/1 89/89/1
f 105/105/1 106/106/1 107/107/1
f 105/105/1 107/107/1 108/108/1
f 109/109/1 110/110/1 111/111/1
f 109/109/1 111/111/1 112/112/1
f 113/113/1 114/114/1 115/115/1
f 113/113/1 115/115/1 116/116/1
f 117/117/1 118/118/1 119/119/1
f 117/117/1 119/119/1 120/120/1
f 120/120/1 119/119/1 106/106/1
f 120/120/1 106/106/1 105/105/1
f 112/112/1 111/111/1 118/118/1
f 112/112/1 118/118/1 117/117/1
f 116/116/1 115/115/1 110/110/1
f 116/116/1 110/110/1 109/109/1
f 92/92/1 91/91/1 114/114/1
f 92/92/1 114/114/1 113/113/1
f 107/107/1 121/121/1 122/122/1
f 107/107/1 122/122/1 108/108/1
f 123/123/1 124/124/1 125/125/1
f 123/123/1 125/125/1 126/126/1
f 127/127/1 128/128/1 129/129/1
f 127/127/1 129/129/1 130/130/1
f 105/105/1 108/108/1 128/128/1
f 105/105/1 128/128/1 127/127/1
f 130/130/1 129/129/1 124/124/1
f 130/130/1 124/124/1 123/123/1
f 131/131/1 132/132/1 133/133/1
f 131/131/1 133/133/1 134/134/1
f 126/126/1 125/125/1 132/132/1
f 126/126/1 132/132/1 131/131/1
f 134/134/1 133/133/1 7/7/1
f 134/134/1 7/7/1 10/10/1
s 1
f 135/135/51 136/136/52 137/137/53
f 135/135/51 137/137/53 138/138/54
f 139/139/55 140/140/56 141/141/57
f 139/139/55 141/141/57 142/142/58
f 143/143/59 144/144/60 145/145/61
f 143/143/59 145/145/61 146/146/62
f 147/147/63 148/148/64 149/149/65
f 147/147/63 149/149/65 150/150/66
f 144/144/60 151/151/67 152/152/68
f 144/144/60 152/152/68 145/145/61
f 153/153/69 147/147/63 150/150/66
f 153/153/69 150/150/66 154/154/70
f 155/155/71 156/156/72 157/157/73
f 155/155/71 157/157/73 158/158/74
f 156/156/72 135/135/51 138/138/54
f 156/156/72 138/138/54 157/157/73
f 140/140/56 159/159/75 160/160/76
f 140/140/56 160/160/76 141/141/57
f 151/151/67 161/161/77 162/162/78
f 151/151/67 162/162/78 152/152/68
f 161/161/77 163/163/79 164/164/80
f 161/161/77 164/164/80 162/162/78
f 159/159/75 165/165/81 166/166/81
f 159/159/75 166/166/81 160/160/76
f 136/136/52 143/143/59 146/146/62
f 136/136/52 146/146/62 137/137/53
f 148/148/64 139/139/55 142/142/58
f 148/148/64 142/142/58 149/149/65
f 15/15/6 167/167/82 168/168/83
f 15/15/6 168/168/83 16/16/7
f 169/169/84 170/170/85 171/171/86
f 169/169/84 171/171/86 172/172/87
f 18/18/9 11/11/2 13/13/4
f 18/18/9 13/13/4 19/19/10
f 170/170/85 173/173/88 174/174/89
f 170/170/85 174/174/89 171/171/86
f 175/175/90 17/17/8 19/19/10
f 175/175/90 19/19/10 176/176/91
f 177/177/92 169/169/84 172/172/87
f 177/177/92 172/172/87 178/178/93
f 179/179/94 180/180/95 181/181/96
f 179/179/94 181/181/96 182/182/97
f 12/12/3 14/14/5 16/16/7
f 12/12/3 16/16/7 13/13/4
f 167/167/82 177/177/92 178/178/93
f 167/167/82 178/178/93 168/168/83
f 183/183/98 175/175/90 176/176/91
f 183/183/98 176/176/91 184/184/99
f 180/180/95 183/183/98 184/184/99
f 180/180/95 184/184/99 181/181/96
f 185/185/100 186/186/101 187/187/102
f 185/185/100 187/187/102 188/188/103
f 189/189/104 185/185/100 188/188/103
f 189/189/104 188/188/103 190/190/105
f 186/186/101 191/191/106 192/192/106
f 186/186/101 192/192/106 187/187/102
f 193/193/107 194/194/108 195/195/109
f 193/193/107 195/195/109 196/196/110
f 197/197/111 193/193/107 196/196/110
f 197/197/111 196/196/110 198/198/112
f 199/199/113 197/197/111 198/198/112
f 199/199/113 198/198/112 200/200/114
f 20/20/11 199/199/113 200/200/114
f 20/20/11 200/200/114 21/21/12
f 201/201/115 202/202/116 203/203/117
f 201/201/115 203/203/117 204/204/118
f 205/205/119 206/206/120 207/207/121
f 205/205/119 207/207/121 208/208/122
s 0
f 121/121/1 209/209/1 210/210/1
f 121/121/1 210/210/1 122/122/1
s 1
f 202/202/116 205/205/119 208/208/122
f 202/202/116 208/208/122 203/203/117
f 194/194/108 201/201/115 204/204/118
f 194/194/108 204/204/118 195/195/109
f 211/211/123 212/212/124 213/213/125
f 211/211/123 213/213/125 214/214/125
f 207/207/121 206/206/120 212/212/124
f 207/207/121 212/212/124 211/211/123
s 0
f 215/215/1 216/216/1 217/217/1
f 215/215/1 217/217/1 218/218/1
f 219/219/1 220/220/1 221/221/1
f 219/219/1 221/221/1 222/222/1
f 106/106/1 219/219/1 222/222/1
f 106/106/1 222/222/1 107/107/1
f 220/220/1 215/215/1 218/218/1
f 220/220/1 218/218/1 221/221/1
f 223/223/1 224/224/1 225/225/1
f 223/223/1 225/225/1 226/226/1
f 216/216/1 223/223/1 226/226/1
f 216/216/1 226/226/1 217/217/1
f 224/224/1 28/28/1 25/25/1
f 224/224/1 25/25/1 225/225/1
s 1
f 227/227/126 228/228/127 229/229/128
f 227/227/126 229/229/128 230/230/129
f 231/231/130 232/232/131 233/233/132
f 231/231/130 233/233/132 234/234/133
f 235/235/134 236/236/135 237/237/136
f 235/235/134 237/237/136 238/238/137
f 239/239/138 240/240/139 241/241/140
f 239/239/138 241/241/140 242/242/141
f 238/238/137 237/237/136 243/243/142
f 238/238/137 243/243/142 244/244/143
f 245/245/144 246/246/144 240/240/139
f 245/245/144 240/240/139 239/239/138
f 247/247/145 248/248/146 249/249/147
f 247/247/145 249/249/147 250/250/148
f 250/250/148 249/249/147 228/228/127
f 250/250/148 228/228/127 227/227/126
f 234/234/133 233/233/132 251/251/149
f 234/234/133 251/251/149 252/252/150
f 244/244/143 243/243/142 253/253/151
f 244/244/143 253/253/151 254/254/152
f 254/254/152 253/253/151 255/255/153
f 254/254/152 255/255/153 256/256/153
f 252/252/150 251/251/149 257/257/154
f 252/252/150 257/257/154 258/258/154
f 230/230/129 229/229/128 236/236/135
f 230/230/129 236/236/135 235/235/134
f 242/242/141 241/241/140 232/232/131
f 242/242/141 232/232/131 231/231/130
f 34/34/19 33/33/18 259/259/155
f 34/34/19 259/259/155 260/260/156
f 261/261/157 262/262/158 263/263/159
f 261/261/157 263/263/159 264/264/160
f 37/37/22 36/36/21 30/30/15
f 37/37/22 30/30/15 29/29/14
f 264/264/160 263/263/159 265/265/161
f 264/264/160 265/265/161 266/266/162
f 267/267/163 268/268/164 36/36/21
f 267/267/163 36/36/21 35/35/20
f 269/269/165 270/270/166 262/262/158
f 269/269/165 262/262/158 261/261/157
f 271/271/167 272/272/168 273/273/169
f 271/271/167 273/273/169 274/274/170
f 31/31/16 30/30/15 33/33/18
f 31/31/16 33/33/18 32/32/17
f 260/260/156 259/259/155 270/270/166
f 260/260/156 270/270/166 269/269/165
f 275/275/171 276/276/172 268/268/164
f 275/275/171 268/268/164 267/267/163
f 274/274/170 273/273/169 276/276/172
f 274/274/170 276/276/172 275/275/171
f 277/277/173 278/278/174 279/279/175
f 277/277/173 279/279/175 280/280/176
f 281/281/177 282/282/177 278/278/174
f 281/281/177 278/278/174 277/277/173
f 280/280/176 279/279/175 283/283/178
f 280/280/176 283/283/178 284/284/179
f 285/285/180 286/286/181 287/287/182
f 285/285/180 287/287/182 288/288/183
f 289/289/184 290/290/185 286/286/181
f 289/289/184 286/286/181 285/285/180
f 291/291/186 292/292/187 290/290/185
f 291/291/186 290/290/185 289/289/184
f 38/38/23 40/40/25 292/292/187
f 38/38/23 292/292/187 291/291/186
f 293/293/188 294/294/189 295/295/190
f 293/293/188 295/295/190 296/296/191
f 297/297/192 298/298/193 299/299/194
f 297/297/192 299/299/194 300/300/195
f 296/296/191 295/295/190 298/298/193
f 296/296/191 298/298/193 297/297/192
f 288/288/183 287/287/182 294/294/189
f 288/288/183 294/294/189 293/293/188
f 301/301/196 302/302/197 303/303/197
f 301/301/196 303/303/197 304/304/198
f 299/299/194 301/301/196 304/304/198
f 299/299/194 304/304/198 300/300/195
s 0
f 84/84/1 83/83/1 86/86/1
f 84/84/1 86/86/1 85/85/1
f 63/63/26 305/305/26 306/306/26
f 63/63/26 306/306/26 44/44/26
f 305/305/26 307/307/26 308/308/26
f 305/305/26 308/308/26 306/306/26
f 309/309/26 310/310/26 311/311/26
f 309/309/26 311/311/26 312/312/26
f 313/313/26 314/314/26 315/315/26
f 313/313/26 315/315/26 316/316/26
f 317/317/26 318/318/26 319/319/26
f 317/317/26 319/319/26 320/320/26
f 321/321/26 322/322/26 323/323/26
f 321/321/26 323/323/26 324/324/26
f 325/325/26 326/326/26 327/327/26
f 325/325/26 327/327/26 328/328/26
f 310/310/26 325/325/26 328/328/26
f 310/310/26 328/328/26 311/311/26
f 326/326/26 317/317/26 320/320/26
f 326/326/26 320/320/26 327/327/26
f 318/318/26 321/321/26 324/324/26
f 318/318/26 324/324/26 319/319/26
f 322/322/26 313/313/26 316/316/26
f 322/322/26 316/316/26 323/323/26
f 329/329/26 330/330/26 331/331/26
f 329/329/26 331/331/26 332/332/26
f 333/333/26 334/334/26 335/335/26
f 333/333/26 335/335/26 336/336/26
f 337/337/26 338/338/26 339/339/26
f 337/337/26 339/339/26 340/340/26
f 341/341/26 342/342/26 343/343/26
f 341/341/26 343/343/26 344/344/26
f 342/342/26 329/329/26 332/332/26
f 342/342/26 332/332/26 343/343/26
f 334/334/26 341/341/26 344/344/26
f 334/334/26 344/344/26 335/335/26
f 338/338/26 333/333/26 336/336/26
f 338/338/26 336/336/26 339/339/26
f 314/314/26 337/337/26 340/340/26
f 314/314/26 340/340/26 315/315/26
f 331/331/26 330/330/26 345/345/26
f 331/331/26 345/345/26 346/346/26
f 347/347/26 348/348/26 349/349/26
f 347/347/26 349/349/26 350/350/26
f 351/351/26 352/352/26 353/353/26
f 351/351/26 353/353/26 354/354/26
f 329/329/26 351/351/26 354/354/26
f 329/329/26 354/354/26 330/330/26
f 352/352/26 347/347/26 350/350/26
f 352/352/26 350/350/26 353/353/26
f 355/355/26 356/356/26 357/357/26
f 355/355/26 357/357/26 358/358/26
f 348/348/26 355/355/26 358/358/26
f 348/348/26 358/358/26 349/349/26
f 356/356/26 50/50/26 47/47/26
f 356/356/26 47/47/26 357/357/26
s 1
f 359/359/199 360/360/200 361/361/201
f 359/359/199 361/361/201 362/362/202
f 363/363/203 364/364/204 365/365/205
f 363/363/203 365/365/205 366/366/206
f 367/367/207 368/368/208 369/369/209
f 367/367/207 369/369/209 370/370/210
f 371/371/211 372/372/212 373/373/213
f 371/371/211 373/373/213 374/374/214
f 370/370/210 369/369/209 375/375/215
f 370/370/210 375/375/215 376/376/216
f 377/377/217 378/378/217 372/372/212
f 377/377/217 372/372/212 371/371/211
f 379/379/218 380/380/219 381/381/220
f 379/379/218 381/381/220 382/382/221
f 382/382/221 381/381/220 360/360/200
f 382/382/221 360/360/200 359/359/199
f 366/366/206 365/365/205 383/383/222
f 366/366/206 383/383/222 384/384/223
f 376/376/216 375/375/215 385/385/224
f 376/376/216 385/385/224 386/386/225
f 386/386/225 385/385/224 387/387/226
f 386/386/225 387/387/226 388/388/226
f 384/384/223 383/383/222 389/389/227
f 384/384/223 389/389/227 390/390/227
f 362/362/202 361/361/201 368/368/208
f 362/362/202 368/368/208 367/367/207
f 374/374/214 373/373/213 364/364/204
f 374/374/214 364/364/204 363/363/203
f 56/56/32 55/55/31 391/391/228
f 56/56/32 391/391/228 392/392/229
f 393/393/230 394/394/231 395/395/232
f 393/393/230 395/395/232 396/396/233
f 59/59/35 58/58/34 52/52/28
f 59/59/35 52/52/28 51/51/27
f 396/396/233 395/395/232 397/397/234
f 396/396/233 397/397/234 398/398/234
f 399/399/235 400/400/236 58/58/34
f 399/399/235 58/58/34 57/57/33
f 401/401/237 402/402/238 394/394/231
f 401/401/237 394/394/231 393/393/230
f 403/403/239 404/404/240 405/405/241
f 403/403/239 405/405/241 406/406/242
f 53/53/29 52/52/28 55/55/31
f 53/53/29 55/55/31 54/54/30
f 392/392/229 391/391/228 402/402/238
f 392/392/229 402/402/238 401/401/237
f 407/407/243 408/408/244 400/400/236
f 407/407/243 400/400/236 399/399/235
f 406/406/242 405/405/241 408/408/244
f 406/406/242 408/408/244 407/407/243
f 409/409/245 410/410/246 411/411/247
f 409/409/245 411/411/247 412/412/248
f 413/413/249 414/414/250 410/410/246
f 413/413/249 410/410/246 409/409/245
f 412/412/248 411/411/247 415/415/251
f 412/412/248 415/415/251 416/416/251
f 417/417/252 418/418/253 419/419/254
f 417/417/252 419/419/254 420/420/255
f 421/421/256 422/422/257 418/418/253
f 421/421/256 418/418/253 417/417/252
f 423/423/258 424/424/259 422/422/257
f 423/423/258 422/422/257 421/421/256
f 60/60/36 62/62/38 424/424/259
f 60/60/36 424/424/259 423/423/258
f 425/425/260 426/426/261 427/427/262
f 425/425/260 427/427/262 428/428/263
f 429/429/264 430/430/265 431/431/266
f 429/429/264 431/431/266 432/432/267
s 0
f 346/346/26 345/345/26 433/433/26
f 346/346/26 433/433/26 434/434/26
s 1
f 428/428/263 427/427/262 430/430/265
f 428/428/263 430/430/265 429/429/264
f 420/420/255 419/419/254 426/426/261
f 420/420/255 426/426/261 425/425/260
f 435/435/268 436/436/269 437/437/269
f 435/435/268 437/437/269 438/438/270
f 431/431/266 435/435/268 438/438/270
f 431/431/266 438/438/270 432/432/267
s 0
f 439/439/26 440/440/26 441/441/26
f 439/439/26 441/441/26 442/442/26
f 443/443/26 444/444/26 445/445/26
f 443/443/26 445/445/26 446/446/26
f 332/332/26 331/331/26 444/444/26
f 332/332/26 444/444/26 443/443/26
f 446/446/26 445/445/26 440/440/26
f 446/446/26 440/440/26 439/439/26
f 447/447/26 448/448/26 449/449/26
f 447/447/26 449/449/26 450/450/26
f 442/442/26 441/441/26 448/448/26
f 442/442/26 448/448/26 447/447/26
f 450/450/26 449/449/26 65/65/26
f 450/450/26 65/65/26 68/68/26
s 1
f 451/451/271 452/452/272 453/453/273
f 451/451/271 453/453/273 454/454/274
f 455/455/275 456/456/276 457/457/277
f 455/455/275 457/457/277 458/458/278
f 459/459/279 460/460/280 461/461/281
f 459/459/279 461/461/281 462/462/282
f 463/463/283 464/464/284 465/465/285
f 463/463/283 465/465/285 466/466/286
f 460/460/280 467/467/287 468/468/288
f 460/460/280 468/468/288 461/461/281
f 469/469/289 463/463/283 466/466/286
f 469/469/289 466/466/286 470/470/290
f 471/471/291 472/472/292 473/473/293
f 471/471/291 473/473/293 474/474/291
f 472/472/292 451/451/271 454/454/274
f 472/472/292 454/454/274 473/473/293
f 456/456/276 475/475/294 476/476/295
f 456/456/276 476/476/295 457/457/277
f 467/467/287 477/477/296 478/478/297
f 467/467/287 478/478/297 468/468/288
f 477/477/296 479/479/298 480/480/299
f 477/477/296 480/480/299 478/478/297
f 475/475/294 481/481/300 482/482/300
f 475/475/294 482/482/300 476/476/295
f 452/452/272 459/459/279 462/462/282
f 452/452/272 462/462/282 453/453/273
f 464/464/284 455/455/275 458/458/278
f 464/464/284 458/458/278 465/465/285
f 73/73/43 483/483/301 484/484/302
f 73/73/43 484/484/302 74/74/44
f 485/485/303 486/486/304 487/487/305
f 485/485/303 487/487/305 488/488/306
f 76/76/46 69/69/39 71/71/41
f 76/76/46 71/71/41 77/77/47
f 486/486/304 489/489/307 490/490/307
f 486/486/304 490/490/307 487/487/305
f 491/491/308 75/75/45 77/77/47
f 491/491/308 77/77/47 492/492/309
f 493/493/310 485/485/303 488/488/306
f 493/493/310 488/488/306 494/494/311
f 495/495/312 496/496/313 497/497/314
f 495/495/312 497/497/314 498/498/312
f 70/70/40 72/72/42 74/74/44
f 70/70/40 74/74/44 71/71/41
f 483/483/301 493/493/310 494/494/311
f 483/483/301 494/494/311 484/484/302
f 499/499/315 491/491/308 492/492/309
f 499/499/315 492/492/309 500/500/316
f 496/496/313 499/499/315 500/500/316
f 496/496/313 500/500/316 497/497/314
f 501/501/317 502/502/318 503/503/319
f 501/501/317 503/503/319 504/504/320
f 505/505/321 501/501/317 504/504/320
f 505/505/321 504/504/320 506/506/321
f 502/502/318 507/507/322 508/508/322
f 502/502/318 508/508/322 503/503/319
f 509/509/323 510/510/324 511/511/325
f 509/509/323 511/511/325 512/512/326
f 513/513/327 509/509/323 512/512/326
f 513/513/327 512/512/326 514/514/328
f 515/515/329 513/513/327 514/514/328
f 515/515/329 514/514/328 516/516/330
f 78/78/48 515/515/329 516/516/330
f 78/78/48 516/516/330 79/79/49
f 517/517/331 518/518/332 519/519/333
f 517/517/331 519/519/333 520/520/334
f 521/521/335 522/522/336 523/523/337
f 521/521/335 523/523/337 524/524/338
f 518/518/332 521/521/335 524/524/338
f 518/518/332 524/524/338 519/519/333
f 510/510/324 517/517/331 520/520/334
f 510/510/324 520/520/334 511/511/325
f 525/525/339 526/526/340 527/527/341
f 525/525/339 527/527/341 528/528/341
f 523/523/337 522/522/336 526/526/340
f 523/523/337 526/526/340 525/525/339
s 0
f 307/307/26 309/309/26 312/312/26
f 307/307/26 312/312/26 308/308/26
o ornam_low.002_kirito_s1_txtr_0
v -0.011394 0.312234 0.035608
v -0.001956 0.320074 0.033950
v -0.005496 0.312577 0.024576
v 0.002294 0.297206 0.042459
v 0.008191 0.297548 0.031426
v 0.011731 0.305045 0.040800
v -0.002901 0.332025 0.062058
v -0.017039 0.320282 0.064542
v -0.016690 0.323708 0.071362
v -0.004873 0.333524 0.069285
v -0.005251 0.350074 0.106349
v -0.025037 0.333639 0.109825
v -0.023159 0.337634 0.114835
v -0.008389 0.349902 0.112240
v -0.012820 0.351554 0.124719
v -0.021487 0.344355 0.126241
v -0.022263 0.346779 0.133109
v -0.013632 0.353948 0.131593
v -0.023763 0.347674 0.138068
v -0.013239 0.356415 0.136219
v -0.025517 0.347608 0.141429
v -0.012205 0.358666 0.139090
v -0.011138 0.350244 0.118482
v -0.021768 0.341414 0.120350
v -0.008286 0.340314 0.090999
v -0.018257 0.332031 0.092751
v -0.020291 0.333805 0.100706
v -0.008043 0.343978 0.098554
v -0.006396 0.335067 0.075713
v -0.016619 0.326575 0.077509
v -0.017013 0.329556 0.084837
v -0.007714 0.337281 0.083203
v -0.007142 0.346870 0.103096
v -0.022301 0.334278 0.105759
v -0.005613 0.326183 0.054660
v -0.012470 0.320488 0.055864
v -0.014612 0.320603 0.060397
v -0.004451 0.329043 0.058611
v -0.006097 0.323473 0.049681
v -0.010791 0.319574 0.050505
v -0.004367 0.320490 0.039681
v -0.010235 0.315616 0.040712
v -0.010159 0.317796 0.045341
v -0.005537 0.321634 0.044529
v -0.004873 0.333524 0.069285
v -0.006396 0.335067 0.075713
v -0.002173 0.335938 0.076482
v -0.000806 0.334283 0.070120
v -0.001956 0.320074 0.033950
v -0.004367 0.320490 0.039681
v -0.000845 0.320834 0.040693
v 0.002414 0.320721 0.033934
v -0.014024 0.372184 0.172381
v -0.017606 0.372412 0.180039
v -0.013024 0.373351 0.180239
v -0.009861 0.373056 0.173272
v -0.031005 0.339283 0.141425
v -0.042829 0.337212 0.160506
v -0.041064 0.341753 0.159646
v -0.031283 0.344144 0.145352
v -0.011138 0.350244 0.118482
v -0.012820 0.351554 0.124719
v -0.008238 0.352493 0.124919
v -0.006841 0.351297 0.119504
v -0.005496 0.312577 0.024576
v -0.001956 0.320074 0.033950
v 0.002414 0.320721 0.033934
v -0.003045 0.308018 0.016974
v -0.008043 0.343978 0.098554
v -0.007142 0.346870 0.103096
v -0.001942 0.347315 0.100980
v -0.003334 0.344005 0.096498
v -0.006097 0.323473 0.049681
v -0.005613 0.326183 0.054660
v -0.001264 0.326612 0.054205
v -0.002257 0.323703 0.049809
v -0.000310 0.375604 0.152485
v -0.009006 0.373148 0.164471
v -0.005262 0.373954 0.166052
v 0.004535 0.376555 0.152183
v -0.005251 0.350074 0.106349
v -0.008389 0.349902 0.112240
v -0.004481 0.350858 0.113824
v 0.000319 0.351056 0.104667
v -0.013632 0.353948 0.131593
v -0.013239 0.356415 0.136219
v -0.008539 0.356426 0.134146
v -0.008852 0.354530 0.130613
v -0.009908 0.361618 0.140977
v -0.007125 0.364212 0.141107
v -0.003279 0.362313 0.136553
v -0.006175 0.359801 0.136828
v -0.007714 0.337281 0.083203
v -0.003211 0.338177 0.083468
v -0.004451 0.329043 0.058611
v -0.000063 0.329235 0.057562
v -0.005537 0.321634 0.044529
v -0.001946 0.321909 0.045251
v -0.012205 0.358666 0.139090
v -0.007601 0.358080 0.135902
v -0.008286 0.340314 0.090999
v -0.003664 0.340951 0.090458
v -0.005251 0.350074 0.106349
v 0.000319 0.351056 0.104667
v -0.002901 0.332025 0.062058
v 0.001988 0.332519 0.060667
v -0.002901 0.332025 0.062058
v 0.001988 0.332519 0.060667
v -0.017606 0.372412 0.180039
v -0.014024 0.372184 0.172381
v -0.031474 0.357689 0.175447
v -0.029550 0.362491 0.182137
v -0.009006 0.373148 0.164471
v -0.034835 0.351694 0.169009
v -0.016690 0.323708 0.071362
v -0.017912 0.320074 0.073126
v -0.017989 0.322801 0.079261
v -0.016619 0.326575 0.077509
v -0.011394 0.312234 0.035608
v -0.012731 0.308141 0.036595
v -0.010931 0.312456 0.042465
v -0.010235 0.315616 0.040712
v -0.031474 0.357689 0.175447
v -0.032809 0.353994 0.177304
v -0.031159 0.358288 0.183425
v -0.029550 0.362491 0.182137
v -0.021768 0.341414 0.120350
v -0.023274 0.337648 0.122391
v -0.023096 0.340152 0.127529
v -0.021487 0.344355 0.126241
v -0.005496 0.312577 0.024576
v -0.003045 0.308018 0.016974
v -0.012731 0.308141 0.036595
v -0.011394 0.312234 0.035608
v -0.020291 0.333805 0.100706
v -0.021500 0.328915 0.099690
v -0.024006 0.328988 0.104856
v -0.022301 0.334278 0.105759
v -0.010791 0.319574 0.050505
v -0.011610 0.315934 0.051452
v -0.013682 0.316297 0.056387
v -0.012470 0.320488 0.055864
v -0.041064 0.341753 0.159646
v -0.042829 0.337212 0.160506
v -0.035897 0.348507 0.171435
v -0.034835 0.351694 0.169009
v -0.025037 0.333639 0.109825
v -0.027232 0.328171 0.109508
v -0.024392 0.334319 0.117322
v -0.023159 0.337634 0.114835
v -0.022263 0.346779 0.133109
v -0.023800 0.342114 0.133240
v -0.024959 0.342786 0.137031
v -0.023763 0.347674 0.138068
v -0.028354 0.346295 0.144218
v -0.028053 0.341628 0.140672
v -0.031005 0.339283 0.141425
v -0.031283 0.344144 0.145352
v -0.018555 0.325432 0.086163
v -0.017013 0.329556 0.084837
v -0.015723 0.316227 0.060313
v -0.014612 0.320603 0.060397
v -0.010159 0.317796 0.045341
v -0.010859 0.314505 0.046818
v -0.025517 0.347608 0.141429
v -0.026349 0.342507 0.139196
v -0.019732 0.327604 0.093282
v -0.018257 0.332031 0.092751
v -0.027232 0.328171 0.109508
v -0.025037 0.333639 0.109825
v -0.018592 0.315424 0.064283
v -0.017039 0.320282 0.064542
v -0.017039 0.320282 0.064542
v -0.018592 0.315424 0.064283
v -0.000310 0.375604 0.152485
v -0.041064 0.341753 0.159646
v -0.028354 0.346295 0.144218
v -0.009908 0.361618 0.140977
v -0.007125 0.364212 0.141107
v -0.000310 0.375604 0.152485
v 0.004535 0.376555 0.152183
v -0.003279 0.362313 0.136553
v 0.010786 0.316996 0.068908
v 0.008815 0.318496 0.076136
v -0.003003 0.308679 0.078212
v -0.003351 0.305253 0.071392
v 0.008436 0.335045 0.113200
v 0.005298 0.334873 0.119091
v -0.009471 0.322605 0.121686
v -0.011350 0.318610 0.116676
v 0.000867 0.336525 0.131569
v 0.000055 0.338920 0.138443
v -0.008575 0.331750 0.139960
v -0.007799 0.329327 0.133092
v 0.000448 0.341386 0.143070
v -0.010075 0.332645 0.144919
v 0.001483 0.343637 0.145940
v -0.011830 0.332579 0.148279
v 0.002549 0.335215 0.125333
v -0.008081 0.326385 0.127200
v 0.005402 0.325285 0.097850
v 0.005644 0.328949 0.105404
v -0.006604 0.318776 0.107556
v -0.004569 0.317002 0.099602
v 0.007291 0.320038 0.082564
v 0.005973 0.322252 0.090054
v -0.003326 0.314527 0.091687
v -0.002932 0.311546 0.084360
v 0.006546 0.331841 0.109946
v -0.008614 0.319249 0.112610
v 0.008074 0.311154 0.061510
v 0.009237 0.314014 0.065462
v -0.000925 0.305574 0.067247
v 0.001218 0.305459 0.062715
v 0.007590 0.308444 0.056531
v 0.002896 0.304545 0.057356
v 0.009321 0.305461 0.046531
v 0.008150 0.306605 0.051380
v 0.003528 0.302767 0.052192
v 0.003453 0.300587 0.047562
v 0.008815 0.318496 0.076136
v 0.009908 0.322519 0.075483
v 0.008541 0.324174 0.081845
v 0.007291 0.320038 0.082564
v 0.011731 0.305045 0.040800
v 0.013128 0.308957 0.039297
v 0.009869 0.309070 0.046056
v 0.009321 0.305461 0.046531
v -0.000337 0.357155 0.179232
v 0.000853 0.361291 0.178634
v -0.002310 0.361587 0.185602
v -0.003919 0.357383 0.186889
v -0.020290 0.327518 0.146787
v -0.017596 0.329115 0.152202
v -0.027376 0.326724 0.166496
v -0.032115 0.325447 0.165868
v 0.002549 0.335215 0.125333
v 0.003873 0.339533 0.124866
v 0.002476 0.340729 0.130281
v 0.000867 0.336525 0.131569
v 0.008191 0.297548 0.031426
v 0.007669 0.296254 0.022337
v 0.013128 0.308957 0.039297
v 0.011731 0.305045 0.040800
v 0.005644 0.328949 0.105404
v 0.007380 0.332240 0.101861
v 0.008772 0.335551 0.106342
v 0.006546 0.331841 0.109946
v 0.007590 0.308444 0.056531
v 0.008457 0.311939 0.055171
v 0.009450 0.314847 0.059567
v 0.008074 0.311154 0.061510
v 0.013377 0.360575 0.159336
v 0.015250 0.364790 0.157546
v 0.005452 0.362189 0.171414
v 0.004682 0.358120 0.171321
v 0.008436 0.335045 0.113200
v 0.011034 0.339291 0.110030
v 0.006233 0.339093 0.119186
v 0.005298 0.334873 0.119091
v 0.000055 0.338920 0.138443
v 0.001862 0.342766 0.135976
v 0.002176 0.344661 0.139509
v 0.000448 0.341386 0.143070
v 0.003780 0.346589 0.147827
v 0.004539 0.348036 0.142191
v 0.007436 0.350549 0.141916
v 0.006563 0.349183 0.147958
v 0.007503 0.326412 0.088830
v 0.005973 0.322252 0.090054
v 0.010651 0.317471 0.062924
v 0.009237 0.314014 0.065462
v 0.008150 0.306605 0.051380
v 0.008768 0.310145 0.050614
v 0.001483 0.343637 0.145940
v 0.003113 0.346315 0.141264
v 0.007050 0.329187 0.095821
v 0.005402 0.325285 0.097850
v 0.011034 0.339291 0.110030
v 0.008436 0.335045 0.113200
v 0.012702 0.320754 0.066029
v 0.010786 0.316996 0.068908
v 0.010786 0.316996 0.068908
v 0.012702 0.320754 0.066029
v -0.003919 0.357383 0.186889
v -0.015862 0.347462 0.188988
v -0.017787 0.342660 0.182298
v -0.000337 0.357155 0.179232
v 0.004682 0.358120 0.171321
v -0.021147 0.336665 0.175860
v -0.003003 0.308679 0.078212
v -0.002932 0.311546 0.084360
v -0.007274 0.311037 0.084624
v -0.007198 0.308310 0.078488
v 0.002294 0.297206 0.042459
v 0.003453 0.300587 0.047562
v -0.000217 0.300692 0.047828
v -0.002017 0.296377 0.041958
v -0.017787 0.342660 0.182298
v -0.015862 0.347462 0.188988
v -0.020444 0.346523 0.188788
v -0.022095 0.342230 0.182666
v -0.008081 0.326385 0.127200
v -0.007799 0.329327 0.133092
v -0.012381 0.328388 0.132892
v -0.012560 0.325883 0.127754
v 0.008191 0.297548 0.031426
v 0.002294 0.297206 0.042459
v -0.002017 0.296377 0.041958
v 0.007669 0.296254 0.022337
v -0.006604 0.318776 0.107556
v -0.008614 0.319249 0.112610
v -0.013292 0.317223 0.110219
v -0.010786 0.317151 0.105053
v 0.002896 0.304545 0.057356
v 0.001218 0.305459 0.062715
v -0.002967 0.304533 0.061749
v -0.000896 0.304170 0.056815
v -0.027376 0.326724 0.166496
v -0.021147 0.336665 0.175860
v -0.025182 0.336743 0.176797
v -0.032115 0.325447 0.165868
v -0.011350 0.318610 0.116676
v -0.009471 0.322605 0.121686
v -0.013678 0.322554 0.122685
v -0.016517 0.316406 0.114871
v -0.008575 0.331750 0.139960
v -0.010075 0.332645 0.144919
v -0.014245 0.331022 0.142394
v -0.013085 0.330349 0.138602
v -0.014667 0.331266 0.151068
v -0.017596 0.329115 0.152202
v -0.020290 0.327518 0.146787
v -0.017339 0.329864 0.146035
v -0.003326 0.314527 0.091687
v -0.007840 0.313668 0.091526
v -0.000925 0.305574 0.067247
v -0.005009 0.304463 0.065676
v 0.003528 0.302767 0.052192
v -0.000145 0.302741 0.052180
v -0.011830 0.332579 0.148279
v -0.015635 0.330742 0.144558
v -0.004569 0.317002 0.099602
v -0.009018 0.315840 0.098644
v -0.011350 0.318610 0.116676
v -0.016517 0.316406 0.114871
v -0.003351 0.305253 0.071392
v -0.007878 0.303659 0.069645
v -0.003351 0.305253 0.071392
v -0.007878 0.303659 0.069645
v -0.027376 0.326724 0.166496
v 0.013377 0.360575 0.159336
v 0.003780 0.346589 0.147827
v -0.014667 0.331266 0.151068
v 0.006563 0.349183 0.147958
v 0.007436 0.350549 0.141916
v 0.015250 0.364790 0.157546
v 0.013377 0.360575 0.159336
v -0.031283 0.344144 0.145352
v -0.007125 0.364212 0.141107
v -0.017596 0.329115 0.152202
v 0.006563 0.349183 0.147958
vn -0.6381 0.7006 -0.3194
vn 0.6381 -0.7006 0.3194
vn -0.1421 0.9578 -0.2500
vn -0.1440 0.9459 -0.2908
vn -0.1445 0.9455 -0.2919
vn -0.1422 0.9578 -0.2498
vn -0.1126 0.9893 -0.0930
vn -0.0693 0.9837 -0.1661
vn -0.0713 0.9841 -0.1627
vn -0.1942 0.9780 -0.0763
vn -0.1868 0.9749 -0.1211
vn -0.1975 0.9787 -0.0558
vn -0.8205 0.2903 -0.4923
vn -0.8206 0.2903 -0.4923
vn -0.1851 0.9618 -0.2017
vn -0.1788 0.9365 -0.3015
vn -0.1788 0.9381 -0.2967
vn -0.1856 0.9626 -0.1974
vn -0.1659 0.8090 -0.5639
vn -0.2233 0.8518 -0.4740
vn -0.2778 0.7940 -0.5408
vn -0.2793 0.7919 -0.5430
vn -0.2132 0.8603 -0.4631
vn -0.0554 0.9029 -0.4263
vn -0.1192 0.8400 -0.5293
vn -0.1259 0.8351 -0.5354
vn -0.0588 0.8991 -0.4339
vn -0.2063 0.9775 0.0437
vn -0.2054 0.9786 0.0133
vn -0.2056 0.9784 0.0206
vn -0.2004 0.9763 -0.0817
vn -0.1959 0.9738 -0.1151
vn -0.1961 0.9741 -0.1128
vn -0.1901 0.8953 -0.4029
vn -0.2361 0.8278 -0.5088
vn -0.2301 0.8354 -0.4992
vn -0.1880 0.9001 -0.3930
vn -0.4369 0.6136 -0.6578
vn -0.5049 0.5425 -0.6714
vn -0.4422 0.6084 -0.6590
vn -0.1589 0.9262 -0.3419
vn -0.1590 0.9259 -0.3426
vn -0.1833 0.7909 -0.5839
vn -0.1895 0.7857 -0.5889
vn -0.0252 0.9559 -0.2928
vn -0.0251 0.9546 -0.2967
vn -0.3196 0.7328 -0.6007
vn -0.3173 0.7353 -0.5989
vn -0.1741 0.8991 -0.4015
vn -0.1734 0.9003 -0.3992
vn -0.3039 0.7582 -0.5769
vn -0.3038 0.7581 -0.5770
vn -0.2168 0.7623 -0.6099
vn -0.2166 0.7621 -0.6102
vn -0.1488 0.9616 -0.2306
vn -0.9526 0.2845 -0.1076
vn -0.9526 0.2847 -0.1074
vn -0.9489 0.2772 -0.1506
vn -0.9492 0.2771 -0.1493
vn -0.9558 0.2889 0.0551
vn -0.9558 0.2888 0.0551
vn -0.9717 0.2362 -0.0045
vn -0.9723 0.2336 -0.0074
vn -0.9282 0.3683 0.0526
vn -0.9242 0.3751 0.0719
vn -0.9356 0.3529 0.0105
vn -0.9397 0.3350 -0.0691
vn -0.9395 0.3364 -0.0649
vn -0.9372 0.3081 -0.1635
vn -0.9367 0.3070 -0.1684
vn -0.8693 0.2248 -0.4403
vn -0.8693 0.2247 -0.4403
vn -0.8828 0.3040 -0.3580
vn -0.8905 0.2977 -0.3440
vn -0.8301 0.3344 -0.4462
vn -0.8319 0.3337 -0.4435
vn -0.9497 0.1601 -0.2692
vn -0.9470 0.1612 -0.2778
vn -0.8951 0.1962 -0.4003
vn -0.8997 0.1917 -0.3922
vn -0.9013 0.4002 0.1658
vn -0.9070 0.3958 0.1438
vn -0.9087 0.3944 0.1368
vn -0.9267 0.3730 0.0459
vn -0.9316 0.3632 0.0164
vn -0.9319 0.3625 0.0143
vn -0.9157 0.2925 -0.2754
vn -0.9186 0.2932 -0.2649
vn -0.8711 0.3030 -0.3865
vn -0.8648 0.3057 -0.3983
vn -0.6558 0.4317 -0.6193
vn -0.6502 0.4356 -0.6225
vn -0.5789 0.4810 -0.6584
vn -0.5790 0.4810 -0.6583
vn -0.9381 0.2788 -0.2058
vn -0.9382 0.2788 -0.2050
vn -0.8480 0.2387 -0.4732
vn -0.8530 0.2346 -0.4662
vn -0.9785 0.1640 -0.1253
vn -0.9781 0.1630 -0.1293
vn -0.7783 0.3518 -0.5201
vn -0.7807 0.3504 -0.5175
vn -0.9226 0.2780 -0.2675
vn -0.9218 0.2781 -0.2702
vn -0.8004 0.3456 -0.4898
vn -0.8005 0.3457 -0.4896
vn -0.8253 0.2569 -0.5029
vn -0.8253 0.2568 -0.5030
vn -0.9513 0.2950 -0.0896
vn -0.2477 0.7662 -0.5930
vn -0.2477 0.7661 -0.5930
vn 0.9318 -0.2214 0.2876
vn 0.9318 -0.2214 0.2877
vn 0.9375 -0.2425 0.2496
vn 0.9375 -0.2416 0.2505
vn 0.9015 -0.1242 0.4145
vn 0.9329 -0.1186 0.3399
vn 0.9343 -0.1183 0.3362
vn 0.8694 -0.1900 0.4561
vn 0.8611 -0.1837 0.4741
vn 0.8863 -0.2034 0.4160
vn 0.3079 -0.9487 0.0724
vn 0.3078 -0.9487 0.0724
vn 0.9078 -0.2382 0.3453
vn 0.9066 -0.2367 0.3493
vn 0.9264 -0.2755 0.2565
vn 0.9270 -0.2777 0.2520
vn 0.9223 -0.3859 -0.0192
vn 0.9224 -0.3859 -0.0192
vn 0.9132 -0.3962 0.0949
vn 0.9183 -0.3821 0.1033
vn 0.8775 -0.4782 0.0360
vn 0.8787 -0.4759 0.0380
vn 0.9707 -0.2238 0.0873
vn 0.9698 -0.2303 0.0809
vn 0.9415 -0.3369 -0.0012
vn 0.9446 -0.3281 0.0031
vn 0.8179 -0.1470 0.5563
vn 0.8282 -0.1568 0.5380
vn 0.8314 -0.1599 0.5322
vn 0.8690 -0.1979 0.4535
vn 0.8805 -0.2081 0.4260
vn 0.8812 -0.2088 0.4240
vn 0.9294 -0.3339 0.1574
vn 0.9300 -0.3278 0.1664
vn 0.9076 -0.4139 0.0703
vn 0.9037 -0.4237 0.0617
vn 0.7356 -0.6737 -0.0710
vn 0.7305 -0.6791 -0.0721
vn 0.6649 -0.7420 -0.0859
vn 0.6649 -0.7420 -0.0858
vn 0.9380 -0.2786 0.2064
vn 0.9380 -0.2781 0.2070
vn 0.9073 -0.4186 -0.0399
vn 0.9110 -0.4107 -0.0362
vn 0.9693 -0.1361 0.2050
vn 0.9698 -0.1378 0.2012
vn 0.8407 -0.5412 -0.0200
vn 0.8426 -0.5383 -0.0183
vn 0.9355 -0.3172 0.1558
vn 0.9352 -0.3189 0.1537
vn 0.8566 -0.5160 0.0037
vn 0.8566 -0.5160 0.0039
vn 0.8898 -0.4528 -0.0559
vn 0.8898 -0.4528 -0.0560
vn 0.9261 -0.2187 0.3074
vn 0.1213 -0.8947 0.4300
vn 0.1323 -0.9104 0.3920
vn 0.1330 -0.9108 0.3909
vn 0.1214 -0.8946 0.4301
vn 0.0583 -0.8246 0.5627
vn 0.0313 -0.8684 0.4949
vn 0.0326 -0.8665 0.4981
vn 0.1355 -0.7996 0.5850
vn 0.1375 -0.8254 0.5476
vn 0.1345 -0.7873 0.6018
vn 0.1532 -0.8650 0.4779
vn 0.1692 -0.9072 0.3851
vn 0.1681 -0.9055 0.3897
vn 0.1527 -0.8629 0.4818
vn 0.2190 -0.9701 0.1044
vn 0.2537 -0.9440 0.2108
vn 0.3246 -0.9361 0.1354
vn 0.3267 -0.9358 0.1328
vn 0.2410 -0.9447 0.2223
vn 0.0765 -0.9666 0.2444
vn 0.1642 -0.9764 0.1403
vn 0.1723 -0.9759 0.1340
vn 0.0815 -0.9681 0.2370
vn 0.1228 -0.7244 0.6784
vn 0.1281 -0.7440 0.6558
vn 0.1269 -0.7394 0.6612
vn 0.1229 -0.7244 0.6784
vn 0.1427 -0.8012 0.5812
vn 0.1453 -0.8202 0.5534
vn 0.1450 -0.8190 0.5552
vn 0.2037 -0.9367 0.2849
vn 0.2750 -0.9459 0.1721
vn 0.2666 -0.9463 0.1829
vn 0.1994 -0.9345 0.2950
vn 0.5166 -0.8556 -0.0325
vn 0.5909 -0.8035 -0.0728
vn 0.5224 -0.8520 -0.0356
vn 0.1586 -0.9255 0.3440
vn 0.1589 -0.9257 0.3433
vn 0.2413 -0.9670 0.0815
vn 0.2488 -0.9656 0.0758
vn 0.0160 -0.9279 0.3725
vn 0.0168 -0.9294 0.3687
vn 0.3820 -0.9222 0.0606
vn 0.3792 -0.9231 0.0631
vn 0.1875 -0.9400 0.2851
vn 0.1863 -0.9395 0.2874
vn 0.3600 -0.9285 0.0912
vn 0.3599 -0.9285 0.0910
vn 0.2814 -0.9582 0.0509
vn 0.2813 -0.9583 0.0505
vn 0.1236 -0.8853 0.4484
vn 0.8807 -0.4729 -0.0282
vn 0.8807 -0.4728 -0.0282
vn 0.8807 -0.4728 -0.0283
vt 0.137558 0.360551
vt 0.125893 0.362404
vt 0.133354 0.371726
vt 0.119189 0.177266
vt 0.126650 0.186587
vt 0.130854 0.175412
vt 0.118437 0.334220
vt 0.135912 0.331444
vt 0.133357 0.324617
vt 0.118750 0.326937
vt 0.107800 0.289790
vt 0.132256 0.285905
vt 0.128286 0.280923
vt 0.110030 0.283823
vt 0.111896 0.271229
vt 0.122608 0.269527
vt 0.121490 0.262630
vt 0.110822 0.264325
vt 0.121895 0.257630
vt 0.108888 0.259697
vt 0.123122 0.254227
vt 0.106667 0.256841
vt 0.111651 0.277513
vt 0.124790 0.275425
vt 0.116453 0.305110
vt 0.128777 0.303152
vt 0.128947 0.295139
vt 0.113808 0.297545
vt 0.118733 0.320466
vt 0.131368 0.318458
vt 0.129615 0.311108
vt 0.118121 0.312934
vt 0.111243 0.293012
vt 0.129981 0.290035
vt 0.124220 0.341578
vt 0.132695 0.340231
vt 0.134060 0.335646
vt 0.121500 0.337642
vt 0.126381 0.346557
vt 0.132183 0.345635
vt 0.127235 0.356613
vt 0.134488 0.355461
vt 0.132961 0.350823
vt 0.127249 0.351731
vt 0.032111 0.897182
vt 0.030706 0.903500
vt 0.034790 0.904388
vt 0.036031 0.898103
vt 0.045396 0.817890
vt 0.043072 0.823362
vt 0.046436 0.824368
vt 0.049612 0.817950
vt 0.001466 0.942506
vt 0.002616 0.950492
vt 0.006487 0.948263
vt 0.005346 0.941047
vt 0.026727 0.138398
vt 0.026727 0.116891
vt 0.022436 0.118859
vt 0.021502 0.135513
vt 0.062799 0.922624
vt 0.061609 0.928799
vt 0.066075 0.928889
vt 0.067038 0.923518
vt 0.034737 0.776321
vt 0.035204 0.788251
vt 0.039186 0.789635
vt 0.039186 0.768759
vt 0.029764 0.926957
vt 0.030922 0.932035
vt 0.035982 0.930230
vt 0.034270 0.925026
vt 0.041459 0.833340
vt 0.041976 0.838744
vt 0.046163 0.838527
vt 0.045127 0.833515
vt 0.002661 0.919245
vt 0.001533 0.933521
vt 0.005426 0.932835
vt 0.006487 0.916481
vt 0.068006 0.910852
vt 0.065169 0.916555
vt 0.069039 0.917985
vt 0.073363 0.909118
vt 0.061449 0.935785
vt 0.062391 0.940712
vt 0.066742 0.938454
vt 0.066007 0.934688
vt 0.066783 0.946754
vt 0.070212 0.947952
vt 0.073363 0.942883
vt 0.069795 0.942034
vt 0.029556 0.910969
vt 0.033922 0.911402
vt 0.043191 0.843372
vt 0.047421 0.842558
vt 0.041968 0.828119
vt 0.045398 0.828840
vt 0.063878 0.944010
vt 0.068007 0.940574
vt 0.029223 0.918961
vt 0.033688 0.918587
vt 0.033184 0.936172
vt 0.038684 0.934970
vt 0.044824 0.847665
vt 0.049612 0.846757
vt 0.033964 0.890132
vt 0.038684 0.888924
vt 0.100997 0.215699
vt 0.098739 0.223445
vt 0.120308 0.220018
vt 0.115760 0.213353
vt 0.094706 0.231473
vt 0.126631 0.226401
vt 0.042942 0.921994
vt 0.046862 0.921073
vt 0.045621 0.914789
vt 0.041537 0.915677
vt 0.012000 0.998523
vt 0.016215 0.998463
vt 0.013040 0.992045
vt 0.009675 0.993051
vt 0.001466 0.195957
vt 0.005346 0.197416
vt 0.006487 0.190200
vt 0.002616 0.187971
vt 0.072143 0.067575
vt 0.076382 0.066680
vt 0.075419 0.061310
vt 0.070953 0.061400
vt 0.034648 0.743320
vt 0.039096 0.750882
vt 0.039096 0.730006
vt 0.035114 0.731390
vt 0.040595 0.892219
vt 0.045100 0.894151
vt 0.046812 0.888947
vt 0.041752 0.887141
vt 0.008062 0.983073
vt 0.011731 0.982898
vt 0.012766 0.977886
vt 0.008579 0.977669
vt 0.002661 0.219217
vt 0.006487 0.221982
vt 0.005426 0.205627
vt 0.001533 0.204941
vt 0.077350 0.079347
vt 0.082707 0.081080
vt 0.078382 0.072213
vt 0.074513 0.073644
vt 0.070793 0.054414
vt 0.075351 0.055511
vt 0.076086 0.051745
vt 0.071735 0.049487
vt 0.076127 0.043445
vt 0.079138 0.048165
vt 0.082707 0.047316
vt 0.079556 0.042247
vt 0.044753 0.907774
vt 0.040387 0.908208
vt 0.014025 0.973855
vt 0.009794 0.973041
vt 0.008572 0.988294
vt 0.012002 0.987573
vt 0.073221 0.046189
vt 0.077350 0.049625
vt 0.044518 0.900590
vt 0.040053 0.900215
vt 0.049515 0.884207
vt 0.044015 0.883004
vt 0.016215 0.969656
vt 0.011428 0.968748
vt 0.044794 0.929044
vt 0.049515 0.930252
vt 0.087185 0.243660
vt 0.137558 0.235657
vt 0.125921 0.251375
vt 0.103121 0.254997
vt 0.041495 0.796036
vt 0.042430 0.812690
vt 0.046720 0.814658
vt 0.046720 0.793151
vt 0.129208 0.146305
vt 0.126653 0.139478
vt 0.112046 0.141798
vt 0.111733 0.149081
vt 0.125552 0.100766
vt 0.121582 0.095784
vt 0.103326 0.098684
vt 0.101096 0.104651
vt 0.115904 0.084389
vt 0.114786 0.077491
vt 0.104118 0.079186
vt 0.105192 0.086090
vt 0.115191 0.072491
vt 0.102183 0.074558
vt 0.116417 0.069088
vt 0.099962 0.071702
vt 0.118086 0.090287
vt 0.104946 0.092374
vt 0.122073 0.118013
vt 0.122243 0.110001
vt 0.107104 0.112406
vt 0.109748 0.119971
vt 0.124664 0.133319
vt 0.122911 0.125969
vt 0.111417 0.127795
vt 0.112029 0.135327
vt 0.123277 0.104896
vt 0.104539 0.107873
vt 0.125991 0.155092
vt 0.127356 0.150507
vt 0.114796 0.152503
vt 0.117516 0.156439
vt 0.125479 0.160497
vt 0.119677 0.161418
vt 0.127784 0.170322
vt 0.126257 0.165684
vt 0.120545 0.166592
vt 0.120531 0.171474
vt 0.034346 0.069929
vt 0.038266 0.069008
vt 0.037025 0.062724
vt 0.032941 0.063611
vt 0.020073 0.998523
vt 0.024288 0.998463
vt 0.021113 0.992045
vt 0.017748 0.993051
vt 0.001466 0.972278
vt 0.005346 0.973737
vt 0.006487 0.966521
vt 0.002616 0.964292
vt 0.026727 0.865930
vt 0.021502 0.868814
vt 0.022437 0.885469
vt 0.026727 0.887437
vt 0.087624 0.198985
vt 0.091863 0.198090
vt 0.090899 0.192720
vt 0.086434 0.192810
vt 0.041466 0.766969
vt 0.045915 0.774531
vt 0.045915 0.753655
vt 0.041933 0.755039
vt 0.031999 0.040154
vt 0.036504 0.042085
vt 0.038216 0.036881
vt 0.033156 0.035076
vt 0.016135 0.983073
vt 0.019803 0.982898
vt 0.020839 0.977886
vt 0.016652 0.977669
vt 0.002661 0.995538
vt 0.006487 0.998303
vt 0.005426 0.981948
vt 0.001533 0.981262
vt 0.092831 0.210757
vt 0.098187 0.212490
vt 0.093863 0.203623
vt 0.089994 0.205054
vt 0.086274 0.185824
vt 0.090832 0.186921
vt 0.091566 0.183155
vt 0.087216 0.180897
vt 0.091608 0.174855
vt 0.094619 0.179575
vt 0.098187 0.178726
vt 0.095036 0.173657
vt 0.036157 0.055709
vt 0.031791 0.056143
vt 0.022098 0.973855
vt 0.017867 0.973041
vt 0.016645 0.988294
vt 0.020075 0.987573
vt 0.088702 0.177599
vt 0.092831 0.181035
vt 0.035922 0.048524
vt 0.031457 0.048150
vt 0.040919 0.032141
vt 0.035419 0.030939
vt 0.024288 0.969656
vt 0.019500 0.968748
vt 0.036198 0.076979
vt 0.040919 0.078187
vt 0.109056 0.028214
vt 0.094293 0.030560
vt 0.092035 0.038306
vt 0.113604 0.034879
vt 0.119927 0.041262
vt 0.088001 0.046334
vt 0.019052 0.039924
vt 0.017647 0.046241
vt 0.021731 0.047129
vt 0.022972 0.040844
vt 0.005409 0.156077
vt 0.003084 0.161550
vt 0.006448 0.162556
vt 0.009624 0.156138
vt 0.001466 0.251027
vt 0.002616 0.259013
vt 0.006487 0.256784
vt 0.005346 0.249568
vt 0.089094 0.289148
vt 0.087904 0.295323
vt 0.092370 0.295413
vt 0.093333 0.290043
vt 0.041466 0.723471
vt 0.041933 0.735401
vt 0.045915 0.736785
vt 0.045915 0.715909
vt 0.016705 0.069699
vt 0.017863 0.074777
vt 0.022923 0.072971
vt 0.021211 0.067767
vt 0.001471 0.171528
vt 0.001988 0.176932
vt 0.006175 0.176715
vt 0.005139 0.171702
vt 0.002661 0.227766
vt 0.001533 0.242042
vt 0.005426 0.241356
vt 0.006487 0.225002
vt 0.094301 0.277376
vt 0.091464 0.283079
vt 0.095333 0.284510
vt 0.099658 0.275643
vt 0.087744 0.302309
vt 0.088686 0.307236
vt 0.093037 0.304978
vt 0.092302 0.301212
vt 0.093078 0.313278
vt 0.096507 0.314476
vt 0.099658 0.309407
vt 0.096089 0.308558
vt 0.016498 0.053710
vt 0.020863 0.054144
vt 0.003203 0.181560
vt 0.007433 0.180746
vt 0.001981 0.166306
vt 0.005411 0.167027
vt 0.090172 0.310534
vt 0.094301 0.307098
vt 0.016164 0.061703
vt 0.020629 0.061328
vt 0.020125 0.078914
vt 0.025625 0.077711
vt 0.004836 0.185852
vt 0.009624 0.184944
vt 0.020905 0.032874
vt 0.025625 0.031666
vt 0.080481 0.058521
vt 0.130854 0.050518
vt 0.119217 0.066236
vt 0.096417 0.069858
vt 0.021502 0.109850
vt 0.026727 0.112735
vt 0.026727 0.091228
vt 0.022437 0.093196
vt 0.129351 0.250179
vt 0.099490 0.254923
vt 0.092785 0.069784
vt 0.122646 0.065040
s 0
usemtl kirito_s1_txtr
f 529/529/342 530/530/342 531/531/342
f 532/532/343 533/533/343 534/534/343
f 535/535/342 536/536/342 537/537/342
f 535/535/342 537/537/342 538/538/342
f 539/539/342 540/540/342 541/541/342
f 539/539/342 541/541/342 542/542/342
f 543/543/342 544/544/342 545/545/342
f 543/543/342 545/545/342 546/546/342
f 546/546/342 545/545/342 547/547/342
f 546/546/342 547/547/342 548/548/342
f 548/548/342 547/547/342 549/549/342
f 548/548/342 549/549/342 550/550/342
f 551/551/342 552/552/342 544/544/342
f 551/551/342 544/544/342 543/543/342
f 542/542/342 541/541/342 552/552/342
f 542/542/342 552/552/342 551/551/342
f 553/553/342 554/554/342 555/555/342
f 553/553/342 555/555/342 556/556/342
f 557/557/342 558/558/342 559/559/342
f 557/557/342 559/559/342 560/560/342
f 561/561/342 562/562/342 540/540/342
f 561/561/342 540/540/342 539/539/342
f 556/556/342 555/555/342 562/562/342
f 556/556/342 562/562/342 561/561/342
f 560/560/342 559/559/342 554/554/342
f 560/560/342 554/554/342 553/553/342
f 538/538/342 537/537/342 558/558/342
f 538/538/342 558/558/342 557/557/342
f 563/563/342 564/564/342 565/565/342
f 563/563/342 565/565/342 566/566/342
f 566/566/342 565/565/342 536/536/342
f 566/566/342 536/536/342 535/535/342
f 567/567/342 568/568/342 564/564/342
f 567/567/342 564/564/342 563/563/342
f 569/569/342 570/570/342 571/571/342
f 569/569/342 571/571/342 572/572/342
s 1
f 573/573/344 574/574/345 575/575/346
f 573/573/344 575/575/346 576/576/347
f 577/577/348 578/578/349 579/579/350
f 577/577/348 579/579/350 580/580/348
f 581/581/351 582/582/352 583/583/352
f 581/581/351 583/583/352 584/584/353
f 585/585/354 586/586/355 587/587/355
f 585/585/354 587/587/355 588/588/355
f 589/589/356 590/590/357 591/591/358
f 589/589/356 591/591/358 592/592/359
f 593/593/360 594/594/360 595/595/360
f 593/593/360 595/595/360 596/596/360
f 597/597/361 598/598/362 599/599/363
f 597/597/361 599/599/363 600/600/364
f 601/601/365 602/602/366 603/603/367
f 601/601/365 603/603/367 604/604/368
f 605/605/369 606/606/370 607/607/371
f 605/605/369 607/607/371 608/608/369
f 609/609/372 610/610/373 611/611/374
f 609/609/372 611/611/374 612/612/372
f 613/613/375 614/614/376 615/615/377
f 613/613/375 615/615/377 616/616/378
f 610/610/373 589/589/356 592/592/359
f 610/610/373 592/592/359 611/611/374
f 617/617/379 618/618/380 619/619/380
f 617/617/379 619/619/380 620/620/381
f 574/574/345 621/621/382 622/622/383
f 574/574/345 622/622/383 575/575/346
f 602/602/366 623/623/384 624/624/385
f 602/602/366 624/624/385 603/603/367
f 625/625/386 601/601/365 604/604/368
f 625/625/386 604/604/368 626/626/387
f 627/627/388 617/617/379 620/620/381
f 627/627/388 620/620/381 628/628/389
f 621/621/382 629/629/390 630/630/391
f 621/621/382 630/630/391 622/622/383
f 578/578/349 625/625/386 626/626/387
f 578/578/349 626/626/387 579/579/350
f 590/590/357 613/613/375 616/616/378
f 590/590/357 616/616/378 591/591/358
f 614/614/376 627/627/388 628/628/389
f 614/614/376 628/628/389 615/615/377
f 598/598/362 631/631/392 632/632/393
f 598/598/362 632/632/393 599/599/363
f 623/623/384 633/633/394 634/634/395
f 623/623/384 634/634/395 624/624/385
f 635/635/396 573/573/344 576/576/347
f 635/635/396 576/576/347 636/636/396
f 629/629/390 597/597/361 600/600/364
f 629/629/390 600/600/364 630/630/391
f 606/606/370 581/581/351 584/584/353
f 606/606/370 584/584/353 607/607/371
s 0
f 637/637/342 638/638/342 639/639/342
f 637/637/342 639/639/342 640/640/342
f 572/572/342 571/571/342 568/568/342
f 572/572/342 568/568/342 567/567/342
f 641/641/342 642/642/342 639/639/342
f 641/641/342 639/639/342 638/638/342
s 1
f 643/643/397 644/644/398 645/645/399
f 643/643/397 645/645/399 646/646/400
f 647/647/401 648/648/402 649/649/403
f 647/647/401 649/649/403 650/650/404
f 651/651/405 652/652/406 653/653/407
f 651/651/405 653/653/407 654/654/407
f 655/655/408 656/656/409 657/657/410
f 655/655/408 657/657/410 658/658/411
f 659/659/412 660/660/412 661/661/413
f 659/659/412 661/661/413 662/662/412
f 663/663/414 664/664/415 665/665/416
f 663/663/414 665/665/416 666/666/417
f 667/667/418 668/668/419 669/669/420
f 667/667/418 669/669/420 670/670/421
f 671/671/422 672/672/422 673/673/423
f 671/671/422 673/673/423 674/674/424
f 675/675/425 676/676/425 677/677/426
f 675/675/425 677/677/426 678/678/427
f 679/679/428 680/680/429 681/681/430
f 679/679/428 681/681/430 682/682/431
f 678/678/427 677/677/426 656/656/409
f 678/678/427 656/656/409 655/655/408
f 683/683/432 684/684/433 685/685/434
f 683/683/432 685/685/434 686/686/435
f 646/646/400 645/645/399 687/687/436
f 646/646/400 687/687/436 688/688/437
f 670/670/421 669/669/420 689/689/438
f 670/670/421 689/689/438 690/690/439
f 691/691/440 692/692/441 668/668/419
f 691/691/440 668/668/419 667/667/418
f 693/693/442 694/694/443 684/684/433
f 693/693/442 684/684/433 683/683/432
f 688/688/437 687/687/436 695/695/444
f 688/688/437 695/695/444 696/696/445
f 650/650/404 649/649/403 692/692/441
f 650/650/404 692/692/441 691/691/440
f 658/658/411 657/657/410 680/680/429
f 658/658/411 680/680/429 679/679/428
f 682/682/431 681/681/430 694/694/443
f 682/682/431 694/694/443 693/693/442
f 666/666/417 665/665/416 697/697/446
f 666/666/417 697/697/446 698/698/447
f 690/690/439 689/689/438 699/699/448
f 690/690/439 699/699/448 700/700/449
f 701/701/450 702/702/450 644/644/398
f 701/701/450 644/644/398 643/643/397
f 696/696/445 695/695/444 664/664/415
f 696/696/445 664/664/415 663/663/414
f 674/674/424 673/673/423 652/652/406
f 674/674/424 652/652/406 651/651/405
s 0
f 569/569/342 530/530/342 529/529/342
f 569/569/342 529/529/342 570/570/342
f 642/642/342 641/641/342 703/703/342
f 642/642/342 703/703/342 704/704/342
f 549/549/342 705/705/342 706/706/342
f 549/549/342 706/706/342 550/550/342
s 1
f 707/707/451 708/708/452 709/709/452
f 707/707/451 709/709/452 710/710/451
s 0
f 711/711/343 712/712/343 713/713/343
f 711/711/343 713/713/343 714/714/343
f 715/715/343 716/716/343 717/717/343
f 715/715/343 717/717/343 718/718/343
f 719/719/343 720/720/343 721/721/343
f 719/719/343 721/721/343 722/722/343
f 720/720/343 723/723/343 724/724/343
f 720/720/343 724/724/343 721/721/343
f 723/723/343 725/725/343 726/726/343
f 723/723/343 726/726/343 724/724/343
f 727/727/343 719/719/343 722/722/343
f 727/727/343 722/722/343 728/728/343
f 716/716/343 727/727/343 728/728/343
f 716/716/343 728/728/343 717/717/343
f 729/729/343 730/730/343 731/731/343
f 729/729/343 731/731/343 732/732/343
f 733/733/343 734/734/343 735/735/343
f 733/733/343 735/735/343 736/736/343
f 737/737/343 715/715/343 718/718/343
f 737/737/343 718/718/343 738/738/343
f 730/730/343 737/737/343 738/738/343
f 730/730/343 738/738/343 731/731/343
f 734/734/343 729/729/343 732/732/343
f 734/734/343 732/732/343 735/735/343
f 712/712/343 733/733/343 736/736/343
f 712/712/343 736/736/343 713/713/343
f 739/739/343 740/740/343 741/741/343
f 739/739/343 741/741/343 742/742/343
f 740/740/343 711/711/343 714/714/343
f 740/740/343 714/714/343 741/741/343
f 743/743/343 739/739/343 742/742/343
f 743/743/343 742/742/343 744/744/343
f 745/745/343 746/746/343 747/747/343
f 745/745/343 747/747/343 748/748/343
s 1
f 749/749/453 750/750/454 751/751/455
f 749/749/453 751/751/455 752/752/456
f 753/753/457 754/754/457 755/755/458
f 753/753/457 755/755/458 756/756/459
f 757/757/460 758/758/461 759/759/462
f 757/757/460 759/759/462 760/760/462
f 761/761/463 762/762/464 763/763/464
f 761/761/463 763/763/464 764/764/464
f 765/765/465 766/766/466 767/767/467
f 765/765/465 767/767/467 768/768/468
f 769/769/469 770/770/470 771/771/470
f 769/769/469 771/771/470 772/772/470
f 773/773/471 774/774/472 775/775/473
f 773/773/471 775/775/473 776/776/474
f 777/777/475 778/778/476 779/779/477
f 777/777/475 779/779/477 780/780/478
f 781/781/479 782/782/479 783/783/480
f 781/781/479 783/783/480 784/784/481
f 785/785/482 786/786/482 787/787/483
f 785/785/482 787/787/483 788/788/484
f 789/789/485 790/790/486 791/791/487
f 789/789/485 791/791/487 792/792/488
f 788/788/484 787/787/483 766/766/466
f 788/788/484 766/766/466 765/765/465
f 793/793/489 794/794/490 795/795/491
f 793/793/489 795/795/491 796/796/492
f 752/752/456 751/751/455 797/797/493
f 752/752/456 797/797/493 798/798/494
f 780/780/478 779/779/477 799/799/495
f 780/780/478 799/799/495 800/800/496
f 801/801/497 802/802/498 778/778/476
f 801/801/497 778/778/476 777/777/475
f 803/803/499 804/804/500 794/794/490
f 803/803/499 794/794/490 793/793/489
f 798/798/494 797/797/493 805/805/501
f 798/798/494 805/805/501 806/806/502
f 756/756/459 755/755/458 802/802/498
f 756/756/459 802/802/498 801/801/497
f 768/768/468 767/767/467 790/790/486
f 768/768/468 790/790/486 789/789/485
f 792/792/488 791/791/487 804/804/500
f 792/792/488 804/804/500 803/803/499
f 776/776/474 775/775/473 807/807/503
f 776/776/474 807/807/503 808/808/504
f 800/800/496 799/799/495 809/809/505
f 800/800/496 809/809/505 810/810/506
f 811/811/507 812/812/507 750/750/454
f 811/811/507 750/750/454 749/749/453
f 806/806/502 805/805/501 774/774/472
f 806/806/502 774/774/472 773/773/471
f 784/784/481 783/783/480 758/758/461
f 784/784/481 758/758/461 757/757/460
s 0
f 813/813/343 814/814/343 815/815/343
f 813/813/343 815/815/343 816/816/343
f 746/746/343 743/743/343 744/744/343
f 746/746/343 744/744/343 747/747/343
f 817/817/343 816/816/343 815/815/343
f 817/817/343 815/815/343 818/818/343
s 1
f 819/819/508 820/820/509 821/821/510
f 819/819/508 821/821/510 822/822/511
f 823/823/512 824/824/513 825/825/514
f 823/823/512 825/825/514 826/826/512
f 827/827/515 828/828/516 829/829/516
f 827/827/515 829/829/516 830/830/517
f 831/831/518 832/832/519 833/833/520
f 831/831/518 833/833/520 834/834/521
f 835/835/522 836/836/522 837/837/522
f 835/835/522 837/837/522 838/838/522
f 839/839/523 840/840/524 841/841/525
f 839/839/523 841/841/525 842/842/526
f 843/843/527 844/844/528 845/845/529
f 843/843/527 845/845/529 846/846/530
f 847/847/531 848/848/532 849/849/533
f 847/847/531 849/849/533 850/850/534
f 851/851/535 852/852/536 853/853/537
f 851/851/535 853/853/537 854/854/535
f 855/855/538 856/856/539 857/857/540
f 855/855/538 857/857/540 858/858/541
f 852/852/536 831/831/518 834/834/521
f 852/852/536 834/834/521 853/853/537
f 859/859/542 860/860/543 861/861/543
f 859/859/542 861/861/543 862/862/544
f 820/820/509 863/863/545 864/864/546
f 820/820/509 864/864/546 821/821/510
f 844/844/528 865/865/547 866/866/548
f 844/844/528 866/866/548 845/845/529
f 867/867/549 843/843/527 846/846/530
f 867/867/549 846/846/530 868/868/550
f 869/869/551 859/859/542 862/862/544
f 869/869/551 862/862/544 870/870/552
f 863/863/545 871/871/553 872/872/554
f 863/863/545 872/872/554 864/864/546
f 824/824/513 867/867/549 868/868/550
f 824/824/513 868/868/550 825/825/514
f 832/832/519 855/855/538 858/858/541
f 832/832/519 858/858/541 833/833/520
f 856/856/539 869/869/551 870/870/552
f 856/856/539 870/870/552 857/857/540
f 840/840/524 873/873/555 874/874/556
f 840/840/524 874/874/556 841/841/525
f 865/865/547 875/875/557 876/876/558
f 865/865/547 876/876/558 866/866/548
f 877/877/559 819/819/508 822/822/511
f 877/877/559 822/822/511 878/878/559
f 871/871/553 839/839/523 842/842/526
f 871/871/553 842/842/526 872/872/554
f 848/848/532 827/827/515 830/830/517
f 848/848/532 830/830/517 849/849/533
s 0
f 745/745/343 748/748/343 532/532/343
f 745/745/343 532/532/343 534/534/343
f 818/818/343 879/879/343 880/880/343
f 818/818/343 880/880/343 817/817/343
f 726/726/343 725/725/343 881/881/343
f 726/726/343 881/881/343 882/882/343
s 1
f 883/883/560 884/884/561 885/885/562
f 883/883/560 885/885/562 886/886/561
s 0
f 703/703/342 887/887/342 704/704/342
f 887/887/342 703/703/342 705/705/342
f 705/705/342 703/703/342 706/706/342
f 706/706/342 703/703/342 888/888/342
f 889/889/343 880/880/343 879/879/343
f 880/880/343 889/889/343 882/882/343
f 880/880/343 882/882/343 881/881/343
f 880/880/343 881/881/343 890/890/343
o tsuba_low.002_kirito_s1_txtr_0
v -0.005906 0.373771 0.178248
v -0.002373 0.370818 0.179692
v -0.016463 0.359115 0.182167
v -0.026050 0.395880 0.230359
v -0.030763 0.394306 0.230366
v -0.022786 0.378304 0.236898
v -0.005012 0.372781 0.240888
v -0.003937 0.377397 0.239394
v -0.037297 0.366251 0.239448
v -0.033659 0.363209 0.240934
v -0.008275 0.390357 0.234349
v -0.011913 0.393398 0.232862
v -0.038274 0.388066 0.231686
v -0.040560 0.383827 0.232908
v -0.029280 0.361197 0.242146
v -0.024458 0.360350 0.243000
v -0.034932 0.391641 0.230819
v -0.019523 0.360727 0.243438
v -0.007298 0.368541 0.242110
v -0.021114 0.396257 0.230797
v -0.041635 0.379211 0.234402
v -0.005626 0.386495 0.236009
v -0.016292 0.395411 0.231651
v -0.010640 0.364967 0.242977
v -0.014810 0.362302 0.243430
v -0.041426 0.374534 0.236067
v -0.039946 0.370113 0.237788
v -0.004146 0.382074 0.237730
v -0.010158 0.375725 0.177072
v -0.033722 0.364478 0.178293
v -0.031502 0.368594 0.177106
v -0.014840 0.376547 0.176243
v -0.034766 0.359996 0.179744
v -0.019632 0.376181 0.175818
v -0.034562 0.355454 0.181360
v -0.024208 0.374652 0.175825
v -0.033125 0.351161 0.183031
v -0.028257 0.372064 0.176264
v -0.030553 0.347411 0.184643
v -0.027020 0.344458 0.186086
v -0.022768 0.342504 0.187263
v -0.018087 0.341682 0.188092
v -0.013294 0.342048 0.188517
v -0.008718 0.343577 0.188510
v -0.004669 0.346165 0.188070
v -0.001425 0.349635 0.187228
v 0.000795 0.353752 0.186042
v 0.001839 0.358234 0.184591
v 0.001636 0.362775 0.182975
v 0.000199 0.367068 0.181304
v -0.022124 0.384116 0.195712
v -0.026928 0.382511 0.195720
v -0.026650 0.382305 0.199184
v -0.022213 0.383788 0.199177
v -0.012179 0.383637 0.197029
v -0.017094 0.384500 0.196158
v -0.017565 0.384143 0.199590
v -0.013025 0.383345 0.200394
v -0.007716 0.381586 0.198264
v -0.008902 0.381450 0.201534
v -0.004007 0.378486 0.199779
v -0.005476 0.378587 0.202934
v -0.001307 0.374549 0.201471
v -0.004007 0.378486 0.199779
v -0.005476 0.378587 0.202934
v -0.002982 0.374950 0.204497
v 0.000201 0.370043 0.203225
v -0.001588 0.370788 0.206118
v 0.000415 0.365276 0.204921
v -0.001391 0.366383 0.207685
v -0.000681 0.360571 0.206444
v -0.002403 0.362037 0.209092
v -0.003012 0.356250 0.207690
v -0.004556 0.358045 0.210243
v -0.006418 0.352607 0.208574
v -0.007703 0.354680 0.211059
v -0.010668 0.349890 0.209035
v -0.011629 0.352170 0.211485
v -0.015472 0.348285 0.209043
v -0.016067 0.350687 0.211493
v -0.020502 0.347901 0.208597
v -0.020714 0.350332 0.211080
v -0.025417 0.348764 0.207726
v -0.025254 0.351129 0.210276
v -0.029880 0.350815 0.206491
v -0.029378 0.353024 0.209135
v -0.033589 0.353915 0.204976
v -0.032803 0.355888 0.207736
v -0.036289 0.357852 0.203284
v -0.035298 0.359525 0.206172
v -0.037797 0.362358 0.201530
v -0.036691 0.363687 0.204552
v -0.038011 0.367125 0.199834
v -0.036888 0.368092 0.202985
v -0.036915 0.371830 0.198311
v -0.035876 0.372438 0.201578
v -0.034584 0.376151 0.197065
v -0.033723 0.376430 0.200427
v -0.039790 0.379614 0.220129
v -0.040906 0.374820 0.221681
v -0.042286 0.379006 0.233621
v -0.041169 0.383801 0.232069
v -0.031715 0.384340 0.214617
v -0.034706 0.381140 0.215393
v -0.037415 0.384018 0.218860
v -0.033944 0.387730 0.217959
v -0.031178 0.379794 0.196181
v -0.030577 0.379795 0.199611
v -0.030382 0.374974 0.177924
v -0.025706 0.377963 0.177417
v -0.025362 0.377119 0.176290
v -0.029935 0.374195 0.176786
v -0.024828 0.375937 0.175695
v -0.029180 0.373155 0.176167
v -0.024208 0.374652 0.175825
v -0.028257 0.372064 0.176264
v -0.020421 0.379729 0.177408
v -0.020192 0.378846 0.176281
v -0.019909 0.377580 0.175687
v -0.019632 0.376181 0.175818
v -0.014885 0.380152 0.177899
v -0.014778 0.379260 0.176762
v -0.014758 0.377974 0.176144
v -0.014840 0.376547 0.176243
v -0.009478 0.379203 0.178857
v -0.009489 0.378331 0.177698
v -0.009725 0.377090 0.177035
v -0.010158 0.375725 0.177072
v -0.004567 0.376946 0.180216
v -0.004685 0.376124 0.179027
v -0.005155 0.374990 0.178300
v -0.005906 0.373771 0.178248
v -0.000487 0.373535 0.181883
v -0.000694 0.372788 0.180658
v -0.001358 0.371816 0.179851
v -0.002373 0.370818 0.179692
v -0.000487 0.373535 0.181883
v 0.002484 0.369204 0.183745
v 0.002212 0.368551 0.182479
v -0.000694 0.372788 0.180658
v 0.001407 0.367784 0.181584
v -0.001358 0.371816 0.179851
v 0.000199 0.367068 0.181304
v -0.002373 0.370818 0.179692
v 0.004144 0.364246 0.185675
v 0.003835 0.363702 0.184367
v 0.002952 0.363171 0.183380
v 0.001636 0.362775 0.182975
v 0.004379 0.359000 0.187541
v 0.004065 0.358571 0.186193
v 0.003170 0.358289 0.185117
v 0.001839 0.358234 0.184591
v 0.003173 0.353823 0.189217
v 0.002885 0.353507 0.187832
v 0.002048 0.353471 0.186677
v 0.000795 0.353752 0.186042
v 0.000609 0.349069 0.190588
v 0.000377 0.348857 0.189172
v -0.000338 0.349046 0.187952
v -0.001425 0.349635 0.187228
v -0.003139 0.345060 0.191560
v -0.003288 0.344937 0.190123
v -0.003826 0.345316 0.188857
v -0.004669 0.346165 0.188070
v -0.007815 0.342071 0.192068
v -0.007862 0.342013 0.190620
v -0.008178 0.342534 0.189330
v -0.008718 0.343577 0.188510
v -0.013101 0.340305 0.192076
v -0.013032 0.340286 0.190628
v -0.013097 0.340891 0.189338
v -0.013294 0.342048 0.188517
v -0.018636 0.339883 0.191585
v -0.018446 0.339872 0.190148
v -0.018248 0.340497 0.188880
v -0.018087 0.341682 0.188092
v -0.024043 0.340832 0.190628
v -0.023735 0.340801 0.189211
v -0.023281 0.341381 0.187989
v -0.022768 0.342504 0.187263
v -0.028954 0.343089 0.189269
v -0.028539 0.343008 0.187882
v -0.027851 0.343481 0.186725
v -0.027020 0.344458 0.186086
v -0.033035 0.346500 0.187602
v -0.032529 0.346344 0.186252
v -0.031648 0.346655 0.185173
v -0.030553 0.347411 0.184643
v -0.036006 0.350831 0.185740
v -0.035435 0.350581 0.184430
v -0.034413 0.350687 0.183441
v -0.033125 0.351161 0.183031
v -0.037665 0.355789 0.183810
v -0.037059 0.355430 0.182543
v -0.035958 0.355301 0.181644
v -0.034562 0.355454 0.181360
v -0.037900 0.361035 0.181943
v -0.037288 0.360561 0.180717
v -0.036176 0.360183 0.179907
v -0.034766 0.359996 0.179744
v -0.036694 0.366212 0.180268
v -0.036109 0.365625 0.179078
v -0.035054 0.365000 0.178348
v -0.033722 0.364478 0.178293
v -0.034130 0.370966 0.178897
v -0.033601 0.370275 0.177737
v -0.032668 0.369425 0.177072
v -0.031502 0.368594 0.177106
v -0.004153 0.375775 0.220804
v -0.005478 0.379733 0.219263
v -0.003504 0.382385 0.223350
v -0.001967 0.377794 0.225137
v -0.030575 0.358887 0.223673
v -0.026654 0.357085 0.224757
v -0.028073 0.356109 0.229724
v -0.032621 0.358199 0.228466
v -0.004928 0.367455 0.223631
v -0.003966 0.371588 0.222294
v -0.001749 0.372935 0.226866
v -0.002866 0.368141 0.228418
v -0.023762 0.388135 0.214205
v -0.027982 0.386726 0.214212
v -0.029613 0.390499 0.217489
v -0.024717 0.392134 0.217481
v -0.019344 0.388473 0.214597
v -0.019591 0.392526 0.217936
v -0.033832 0.361609 0.222342
v -0.036400 0.361358 0.226922
v -0.006975 0.363660 0.224726
v -0.005241 0.363737 0.229688
v -0.015027 0.387715 0.215362
v -0.014583 0.391646 0.218823
v -0.036203 0.365067 0.220856
v -0.039152 0.365370 0.225197
v -0.009967 0.360460 0.225502
v -0.008712 0.360025 0.230588
v -0.011107 0.385913 0.216446
v -0.010034 0.389556 0.220081
v -0.037528 0.369025 0.219315
v -0.040689 0.369962 0.223410
v -0.013700 0.358074 0.225907
v -0.013042 0.357257 0.231058
v -0.007850 0.383191 0.217777
v -0.006255 0.386397 0.221625
v -0.037716 0.373212 0.217825
v -0.040906 0.374820 0.221681
v -0.017919 0.356665 0.225914
v -0.017938 0.355621 0.231066
v -0.036753 0.377345 0.216487
v -0.039790 0.379614 0.220129
v -0.022338 0.356327 0.225522
v -0.023064 0.355230 0.230611
v -0.007850 0.383191 0.217777
v -0.006255 0.386397 0.221625
v -0.008712 0.360025 0.230588
v -0.005241 0.363737 0.229688
v -0.006620 0.367924 0.241627
v -0.010091 0.364211 0.242528
v -0.030223 0.380154 0.203316
v -0.026551 0.382501 0.202917
v -0.030342 0.381172 0.207456
v -0.026786 0.383445 0.207069
v -0.030915 0.382696 0.211399
v -0.027321 0.384994 0.211009
v -0.022399 0.383888 0.202910
v -0.022767 0.384788 0.207063
v -0.023259 0.386351 0.211003
v -0.018052 0.384220 0.203296
v -0.018558 0.385110 0.207437
v -0.019004 0.386676 0.211380
v -0.013805 0.383474 0.204048
v -0.014446 0.384388 0.208165
v -0.014848 0.385946 0.212116
v -0.009948 0.381702 0.205115
v -0.010711 0.382672 0.209198
v -0.011074 0.384211 0.213160
v -0.006744 0.379023 0.206425
v -0.007608 0.380078 0.210466
v -0.007938 0.381590 0.214442
v -0.006744 0.379023 0.206425
v -0.004411 0.375621 0.207887
v -0.007608 0.380078 0.210466
v -0.005349 0.376784 0.211882
v -0.007938 0.381590 0.214442
v -0.005655 0.378261 0.215873
v -0.003107 0.371728 0.209403
v -0.004087 0.373014 0.213349
v -0.004379 0.374451 0.217356
v -0.002923 0.367608 0.210869
v -0.003909 0.369025 0.214768
v -0.004199 0.370419 0.218791
v -0.003870 0.363542 0.212185
v -0.004825 0.365088 0.216043
v -0.005125 0.366440 0.220078
v -0.005883 0.359808 0.213261
v -0.006775 0.361473 0.217085
v -0.007096 0.362786 0.221132
v -0.008827 0.356660 0.214025
v -0.009625 0.358425 0.217824
v -0.009976 0.359705 0.221879
v -0.012499 0.354313 0.214424
v -0.013181 0.356152 0.218211
v -0.013570 0.357408 0.222269
v -0.016651 0.352926 0.214430
v -0.017201 0.354809 0.218217
v -0.017633 0.356051 0.222276
v -0.020998 0.352594 0.214045
v -0.021410 0.354488 0.217843
v -0.021887 0.355726 0.221898
v -0.025245 0.353339 0.213292
v -0.025522 0.355210 0.217115
v -0.026043 0.356456 0.221162
v -0.029102 0.355112 0.212225
v -0.029256 0.356926 0.216082
v -0.029817 0.358190 0.220118
v -0.032306 0.357790 0.210916
v -0.032359 0.359519 0.214814
v -0.032953 0.360812 0.218837
v -0.034640 0.361192 0.209454
v -0.034618 0.362813 0.213398
v -0.035237 0.364141 0.217406
v -0.035943 0.365086 0.207938
v -0.035880 0.366583 0.211931
v -0.036512 0.367951 0.215923
v -0.036127 0.369206 0.206472
v -0.036059 0.370573 0.210512
v -0.036693 0.371983 0.214488
v -0.035180 0.373272 0.205156
v -0.035142 0.374509 0.209237
v -0.035766 0.375962 0.213200
v -0.033167 0.377006 0.204080
v -0.033192 0.378124 0.208195
v -0.033795 0.379616 0.212147
v -0.027483 0.383366 0.192899
v -0.022204 0.385130 0.192890
v -0.027483 0.383366 0.192899
v -0.032153 0.380381 0.193406
v -0.016675 0.385552 0.193381
v -0.022204 0.385130 0.192890
v -0.011275 0.384604 0.194337
v -0.016675 0.385552 0.193381
v -0.006370 0.382350 0.195694
v -0.011275 0.384604 0.194337
v -0.002295 0.378943 0.197359
v -0.006370 0.382350 0.195694
v -0.002295 0.378943 0.197359
v 0.000673 0.374617 0.199219
v -0.002295 0.378943 0.197359
v 0.002330 0.369665 0.201146
v 0.000673 0.374617 0.199219
v -0.002295 0.378943 0.197359
v 0.002565 0.364426 0.203011
v 0.002330 0.369665 0.201146
v 0.001361 0.359256 0.204684
v 0.002565 0.364426 0.203011
v -0.001200 0.354507 0.206053
v 0.001361 0.359256 0.204684
v -0.004943 0.350504 0.207024
v -0.001200 0.354507 0.206053
v -0.009614 0.347519 0.207531
v -0.004943 0.350504 0.207024
v -0.014893 0.345755 0.207540
v -0.009614 0.347519 0.207531
v -0.020421 0.345333 0.207049
v -0.014893 0.345755 0.207540
v -0.025822 0.346281 0.206093
v -0.020421 0.345333 0.207049
v -0.030727 0.348535 0.204736
v -0.025822 0.346281 0.206093
v -0.034802 0.351941 0.203071
v -0.030727 0.348535 0.204736
v -0.037769 0.356268 0.201211
v -0.034802 0.351941 0.203071
v -0.039427 0.361219 0.199284
v -0.037769 0.356268 0.201211
v -0.039661 0.366459 0.197419
v -0.039427 0.361219 0.199284
v -0.038457 0.371629 0.195746
v -0.039661 0.366459 0.197419
v -0.035896 0.376377 0.194377
v -0.038457 0.371629 0.195746
v -0.032153 0.380381 0.193406
v -0.035896 0.376377 0.194377
v -0.010034 0.389556 0.220081
v -0.014583 0.391646 0.218823
v -0.015962 0.395832 0.230763
v -0.011414 0.393742 0.232021
v -0.040689 0.369962 0.223410
v -0.039152 0.365370 0.225197
v -0.040531 0.369556 0.237137
v -0.042068 0.374148 0.235350
v -0.013042 0.357257 0.231058
v -0.014422 0.361443 0.242998
v -0.006255 0.386397 0.221625
v -0.007635 0.390583 0.233565
v -0.017938 0.355621 0.231066
v -0.019317 0.359807 0.243006
v -0.003504 0.382385 0.223350
v -0.006255 0.386397 0.221625
v -0.007635 0.390583 0.233565
v -0.004883 0.386572 0.235290
v -0.033944 0.387730 0.217959
v -0.037415 0.384018 0.218860
v -0.038794 0.388204 0.230799
v -0.035323 0.391916 0.229899
v -0.023064 0.355230 0.230611
v -0.024444 0.359416 0.242551
v -0.001967 0.377794 0.225137
v -0.003346 0.381980 0.237077
v -0.029613 0.390499 0.217489
v -0.030992 0.394685 0.229429
v -0.028073 0.356109 0.229724
v -0.029452 0.360295 0.241664
v -0.001749 0.372935 0.226866
v -0.003128 0.377121 0.238806
v -0.024717 0.392134 0.217481
v -0.026097 0.396320 0.229421
v -0.032621 0.358199 0.228466
v -0.034000 0.362385 0.240406
v -0.002866 0.368141 0.228418
v -0.004245 0.372327 0.240358
v -0.019591 0.392526 0.217936
v -0.020970 0.396712 0.229876
v -0.036400 0.361358 0.226922
v -0.037779 0.365544 0.238862
v -0.040531 0.369556 0.237137
v -0.039946 0.370113 0.237788
v -0.041426 0.374534 0.236067
v -0.042068 0.374148 0.235350
v -0.029452 0.360295 0.241664
v -0.029280 0.361197 0.242146
v -0.033659 0.363209 0.240934
v -0.034000 0.362385 0.240406
v -0.014422 0.361443 0.242998
v -0.014810 0.362302 0.243430
v -0.019523 0.360727 0.243438
v -0.019317 0.359807 0.243006
v -0.004245 0.372327 0.240358
v -0.005012 0.372781 0.240888
v -0.007298 0.368541 0.242110
v -0.006620 0.367924 0.241627
v -0.004883 0.386572 0.235290
v -0.005626 0.386495 0.236009
v -0.004146 0.382074 0.237730
v -0.003346 0.381980 0.237077
v -0.015962 0.395832 0.230763
v -0.016292 0.395411 0.231651
v -0.011913 0.393398 0.232862
v -0.011414 0.393742 0.232021
v -0.030992 0.394685 0.229429
v -0.030763 0.394306 0.230366
v -0.026050 0.395880 0.230359
v -0.026097 0.396320 0.229421
v -0.042286 0.379006 0.233621
v -0.041635 0.379211 0.234402
v -0.040560 0.383827 0.232908
v -0.041169 0.383801 0.232069
v -0.037779 0.365544 0.238862
v -0.037297 0.366251 0.239448
v -0.024444 0.359416 0.242551
v -0.024458 0.360350 0.243000
v -0.010091 0.364211 0.242528
v -0.010640 0.364967 0.242977
v -0.003128 0.377121 0.238806
v -0.003937 0.377397 0.239394
v -0.007635 0.390583 0.233565
v -0.008275 0.390357 0.234349
v -0.020970 0.396712 0.229876
v -0.021114 0.396257 0.230797
v -0.035323 0.391916 0.229899
v -0.034932 0.391641 0.230819
v -0.038794 0.388204 0.230799
v -0.038274 0.388066 0.231686
v -0.008275 0.390357 0.234349
v -0.007635 0.390583 0.233565
vn 0.1873 -0.2147 -0.9586
vn 0.2140 -0.2370 -0.9476
vn 0.1084 -0.3289 -0.9381
vn -0.1084 0.3289 0.9381
vn 0.1551 -0.1999 -0.9675
vn -0.0234 -0.2850 -0.9582
vn -0.0066 -0.2539 -0.9672
vn 0.1196 -0.1936 -0.9738
vn -0.0313 -0.3190 -0.9472
vn 0.0833 -0.1964 -0.9770
vn -0.0298 -0.3534 -0.9350
vn 0.0487 -0.2080 -0.9769
vn -0.0189 -0.3859 -0.9223
vn 0.0180 -0.2276 -0.9736
vn 0.0006 -0.4143 -0.9101
vn 0.0273 -0.4367 -0.8992
vn 0.0595 -0.4515 -0.8903
vn 0.0950 -0.4577 -0.8840
vn 0.1313 -0.4549 -0.8808
vn 0.1660 -0.4434 -0.8808
vn 0.1966 -0.4238 -0.8842
vn 0.2212 -0.3975 -0.8905
vn 0.2380 -0.3663 -0.8995
vn 0.2459 -0.3324 -0.9105
vn 0.2444 -0.2980 -0.9228
vn 0.2335 -0.2654 -0.9354
vn -0.2028 0.9544 0.2191
vn -0.4110 0.8848 0.2195
vn -0.4294 0.9027 0.0278
vn -0.1994 0.9795 0.0275
vn 0.2281 0.9336 0.2762
vn 0.0152 0.9710 0.2385
vn 0.0416 0.9979 0.0489
vn 0.2769 0.9566 0.0905
vn 0.4215 0.8448 0.3297
vn 0.4907 0.8584 0.1497
vn 0.5822 0.7105 0.3954
vn 0.6683 0.7100 0.2222
vn 0.6992 0.5399 0.4687
vn 0.5822 0.7104 0.3954
vn 0.6683 0.7099 0.2223
vn 0.7976 0.5214 0.3033
vn 0.7646 0.3446 0.5447
vn 0.8698 0.3056 0.3873
vn 0.7738 0.1380 0.6182
vn 0.8801 0.0773 0.4685
vn 0.7263 -0.0658 0.6842
vn 0.8276 -0.1481 0.5415
vn 0.6254 -0.2531 0.7382
vn 0.7160 -0.3550 0.6011
vn 0.4778 -0.4109 0.7765
vn 0.5528 -0.5295 0.6435
vn 0.2936 -0.5286 0.7965
vn 0.3493 -0.6596 0.6656
vn 0.0854 -0.5982 0.7968
vn 0.1192 -0.7364 0.6659
vn -0.1325 -0.6148 0.7774
vn -0.1217 -0.7548 0.6445
vn -0.3455 -0.5774 0.7397
vn -0.3570 -0.7135 0.6029
vn -0.5389 -0.4886 0.6862
vn -0.5708 -0.6153 0.5437
vn -0.6996 -0.3542 0.6206
vn -0.7484 -0.4668 0.4712
vn -0.8166 -0.1837 0.5472
vn -0.8777 -0.2783 0.3901
vn -0.8819 0.0116 0.4712
vn -0.9499 -0.0625 0.3061
vn -0.8912 0.2182 0.3977
vn -0.9602 0.1659 0.2249
vn -0.8437 0.4220 0.3317
vn -0.9077 0.3912 0.1519
vn -0.7427 0.6093 0.2778
vn -0.7961 0.5981 0.0923
vn -0.9337 0.2902 -0.2096
vn -0.9902 0.0477 -0.1311
vn -0.9337 0.2901 -0.2096
vn -0.5575 0.5372 -0.6330
vn -0.7215 0.3618 -0.5904
vn -0.6390 0.2674 -0.7212
vn -0.4890 0.4279 -0.7602
vn -0.5951 0.7671 0.2395
vn -0.6330 0.7726 0.0499
vn -0.6124 0.6388 -0.4658
vn -0.3962 0.7770 -0.4892
vn -0.3009 0.5454 -0.7824
vn -0.4877 0.4259 -0.7621
vn -0.1219 0.1489 -0.9813
vn -0.2343 0.0771 -0.9691
vn 0.0486 -0.2079 -0.9769
vn 0.0179 -0.2275 -0.9736
vn -0.1518 0.8586 -0.4896
vn -0.0897 0.6159 -0.7827
vn 0.0051 0.1914 -0.9815
vn 0.0833 -0.1963 -0.9770
vn 0.1041 0.8782 -0.4669
vn 0.1315 0.6328 -0.7631
vn 0.1381 0.2015 -0.9697
vn 0.3541 0.8343 -0.4226
vn 0.3475 0.5949 -0.7248
vn 0.2680 0.1787 -0.9467
vn 0.1551 -0.1998 -0.9675
vn 0.5812 0.7299 -0.3598
vn 0.5438 0.5047 -0.6705
vn 0.3861 0.1245 -0.9140
vn 0.1873 -0.2146 -0.9586
vn 0.7698 0.5722 -0.2828
vn 0.7068 0.3684 -0.6039
vn 0.4841 0.0425 -0.8740
vn 0.2141 -0.2370 -0.9476
vn 0.7698 0.5722 -0.2827
vn 0.9072 0.3719 -0.1967
vn 0.8255 0.1954 -0.5295
vn 0.5555 -0.0616 -0.8292
vn 0.2336 -0.2654 -0.9354
vn 0.9839 0.1427 -0.1074
vn 0.8918 -0.0027 -0.4524
vn 0.5954 -0.1807 -0.7828
vn 0.2445 -0.2979 -0.9228
vn 0.9948 -0.0998 -0.0211
vn 0.9012 -0.2123 -0.3778
vn 0.6010 -0.3068 -0.7380
vn 0.2460 -0.3324 -0.9105
vn 0.9390 -0.3392 0.0563
vn 0.8530 -0.4192 -0.3109
vn 0.5721 -0.4312 -0.6977
vn 0.2381 -0.3663 -0.8995
vn 0.8205 -0.5590 0.1197
vn 0.7506 -0.6091 -0.2561
vn 0.5105 -0.5454 -0.6648
vn 0.2213 -0.3975 -0.8905
vn 0.6472 -0.7443 0.1647
vn 0.6008 -0.7693 -0.2173
vn 0.4204 -0.6418 -0.6414
vn 0.1967 -0.4238 -0.8841
vn 0.4310 -0.8825 0.1882
vn 0.4140 -0.8887 -0.1970
vn 0.3080 -0.7136 -0.6292
vn 0.1866 -0.9642 0.1886
vn 0.2028 -0.9593 -0.1966
vn 0.1810 -0.7560 -0.6290
vn 0.1313 -0.4550 -0.8808
vn -0.0693 -0.9837 0.1658
vn -0.0184 -0.9762 -0.2163
vn 0.0480 -0.7662 -0.6408
vn 0.0950 -0.4578 -0.8840
vn -0.3193 -0.9398 0.1216
vn -0.2344 -0.9382 -0.2545
vn -0.0820 -0.7434 -0.6638
vn -0.5464 -0.8355 0.0587
vn -0.4306 -0.8481 -0.3088
vn -0.2000 -0.6891 -0.6965
vn -0.7350 -0.6778 -0.0183
vn -0.5937 -0.7118 -0.3754
vn -0.2981 -0.6072 -0.7365
vn 0.0005 -0.4144 -0.9101
vn -0.8724 -0.4775 -0.1044
vn -0.7124 -0.5387 -0.4498
vn -0.3695 -0.5031 -0.7813
vn -0.0190 -0.3859 -0.9223
vn -0.9491 -0.2483 -0.1937
vn -0.7787 -0.3406 -0.5269
vn -0.4093 -0.3839 -0.8277
vn -0.9600 -0.0057 -0.2800
vn -0.7881 -0.1310 -0.6015
vn -0.4150 -0.2579 -0.8725
vn -0.0314 -0.3190 -0.9472
vn -0.9043 0.2336 -0.3574
vn -0.7399 0.0758 -0.6684
vn -0.3860 -0.1335 -0.9128
vn -0.0235 -0.2850 -0.9582
vn -0.7857 0.4534 -0.4208
vn -0.6374 0.2658 -0.7232
vn -0.3244 -0.0192 -0.9457
vn -0.0066 -0.2538 -0.9672
vn 0.9535 0.0677 -0.2938
vn 0.8808 0.2847 -0.3782
vn 0.8266 0.1969 -0.5272
vn 0.8931 -0.0016 -0.4499
vn -0.4950 -0.8581 -0.1365
vn -0.2800 -0.9569 -0.0771
vn -0.2352 -0.9388 -0.2517
vn -0.4318 -0.8485 -0.3061
vn 0.9110 -0.3884 -0.1388
vn 0.9637 -0.1618 -0.2121
vn 0.9025 -0.2116 -0.3752
vn 0.8542 -0.4188 -0.3081
vn -0.1215 0.7453 -0.6556
vn -0.3528 0.6680 -0.6552
vn -0.3018 0.5475 -0.7805
vn -0.0902 0.6182 -0.7808
vn 0.1207 0.7638 -0.6341
vn 0.1314 0.6351 -0.7612
vn -0.6735 -0.7089 -0.2095
vn -0.5951 -0.7119 -0.3728
vn 0.7988 -0.5964 -0.0788
vn 0.7516 -0.6091 -0.2533
vn 0.3574 0.7223 -0.5921
vn 0.3478 0.5971 -0.7228
vn -0.8035 -0.5193 -0.2910
vn -0.7141 -0.5385 -0.4473
vn 0.6348 -0.7719 -0.0362
vn 0.6016 -0.7695 -0.2144
vn 0.5723 0.6235 -0.5327
vn 0.5444 0.5068 -0.6684
vn -0.8762 -0.3024 -0.3754
vn -0.7805 -0.3401 -0.5246
vn 0.4301 -0.9027 -0.0140
vn 0.4144 -0.8892 -0.1940
vn 0.7508 0.4743 -0.4597
vn 0.7077 0.3703 -0.6017
vn -0.8864 -0.0728 -0.4571
vn -0.7899 -0.1301 -0.5993
vn 0.1988 -0.9799 -0.0137
vn 0.2028 -0.9599 -0.1937
vn -0.8337 0.1538 -0.5304
vn -0.7416 0.0771 -0.6664
vn -0.0434 -0.9984 -0.0352
vn -0.0188 -0.9768 -0.2133
vn 0.7508 0.4742 -0.4597
vn 0.7077 0.3702 -0.6017
vn 0.6381 -0.7006 0.3194
vn 0.8136 -0.5129 0.2738
vn -0.6463 0.7558 -0.1053
vn -0.4326 0.8924 -0.1285
vn -0.6421 0.7140 -0.2792
vn -0.4233 0.8539 -0.3030
vn -0.6228 0.6615 -0.4177
vn -0.4051 0.8007 -0.4414
vn -0.1911 0.9731 -0.1288
vn -0.1759 0.9365 -0.3034
vn -0.1589 0.8829 -0.4418
vn 0.0619 0.9924 -0.1064
vn 0.0832 0.9563 -0.2804
vn 0.0989 0.9026 -0.4189
vn 0.3090 0.9490 -0.0626
vn 0.3362 0.9119 -0.2355
vn 0.3508 0.8584 -0.3743
vn 0.5334 0.8459 -0.0006
vn 0.5661 0.8062 -0.1720
vn 0.5795 0.7533 -0.3110
vn 0.7198 0.6900 0.0756
vn 0.7570 0.6466 -0.0939
vn 0.7695 0.5945 -0.2334
vn 0.8556 0.4921 0.1607
vn 0.8961 0.4439 -0.0068
vn 0.7695 0.5944 -0.2334
vn 0.9079 0.3927 -0.1467
vn 0.9314 0.2655 0.2489
vn 0.9737 0.2119 0.0835
vn 0.9852 0.1618 -0.0568
vn 0.9422 0.0258 0.3342
vn 0.9847 -0.0336 0.1709
vn 0.9961 -0.0825 0.0301
vn 0.8871 -0.2107 0.4108
vn 0.9283 -0.2759 0.2493
vn 0.9400 -0.3236 0.1082
vn 0.7699 -0.4280 0.4734
vn 0.8083 -0.4984 0.3134
vn 0.8206 -0.5451 0.1720
vn 0.5986 -0.6111 0.5178
vn 0.6329 -0.6860 0.3590
vn 0.6460 -0.7317 0.2173
vn 0.3849 -0.7477 0.5410
vn 0.4140 -0.8259 0.3827
vn 0.4282 -0.8710 0.2410
vn 0.1434 -0.8284 0.5414
vn 0.1667 -0.9085 0.3831
vn 0.1820 -0.9532 0.2414
vn -0.1095 -0.8477 0.5190
vn -0.0924 -0.9283 0.3601
vn -0.0758 -0.9729 0.2185
vn -0.3566 -0.8044 0.4752
vn -0.3454 -0.8839 0.3153
vn -0.3276 -0.9287 0.1739
vn -0.5810 -0.7012 0.4131
vn -0.5753 -0.7783 0.2517
vn -0.5563 -0.8236 0.1106
vn -0.7675 -0.5454 0.3370
vn -0.7662 -0.6186 0.1737
vn -0.7464 -0.6647 0.0330
vn -0.9032 -0.3474 0.2519
vn -0.9053 -0.4159 0.0866
vn -0.8847 -0.4630 -0.0538
vn -0.9791 -0.1209 0.1637
vn -0.9829 -0.1839 -0.0038
vn -0.9620 -0.2321 -0.1436
vn -0.9898 0.1188 0.0784
vn -0.9939 0.0616 -0.0911
vn -0.9730 0.0123 -0.2306
vn -0.9347 0.3554 0.0018
vn -0.9375 0.3039 -0.1695
vn -0.9168 0.2534 -0.3086
vn -0.8176 0.5726 -0.0608
vn -0.8175 0.5264 -0.2337
vn -0.7974 0.4748 -0.3725
vn -0.4192 0.8412 -0.3416
vn -0.1716 0.9239 -0.3420
vn -0.3914 0.8565 0.3366
vn -0.5597 0.7489 0.3548
vn 0.0877 0.9437 -0.3190
vn -0.2011 0.9200 0.3363
vn 0.3410 0.8992 -0.2742
vn -0.0018 0.9353 0.3539
vn 0.5710 0.7935 -0.2105
vn 0.1928 0.9011 0.3884
vn 0.7621 0.6338 -0.1324
vn 0.3696 0.8198 0.4373
vn 0.7621 0.6337 -0.1324
vn 0.9013 0.4308 -0.0452
vn 0.5165 0.6971 0.4973
vn 0.9790 0.1986 0.0452
vn 0.6234 0.5411 0.5644
vn 0.9900 -0.0471 0.1326
vn 0.6832 0.3627 0.6338
vn 0.9336 -0.2896 0.2111
vn 0.6916 0.1738 0.7010
vn 0.8135 -0.5123 0.2753
vn 0.6482 -0.0125 0.7613
vn 0.6379 -0.7001 0.3209
vn 0.5559 -0.1837 0.8107
vn 0.4189 -0.8401 0.3447
vn 0.4210 -0.3280 0.8457
vn 0.1713 -0.9228 0.3451
vn 0.2527 -0.4356 0.8640
vn -0.0880 -0.9426 0.3220
vn 0.0624 -0.4991 0.8643
vn -0.3413 -0.8981 0.2772
vn -0.1369 -0.5143 0.8466
vn -0.5714 -0.7924 0.2135
vn -0.3315 -0.4802 0.8121
vn -0.7625 -0.6327 0.1355
vn -0.5083 -0.3989 0.7632
vn -0.9017 -0.4298 0.0482
vn -0.6552 -0.2761 0.7032
vn -0.9794 -0.1975 -0.0422
vn -0.7621 -0.1202 0.6362
vn -0.9904 0.0482 -0.1296
vn -0.8219 0.0583 0.5667
vn -0.9339 0.2907 -0.2081
vn -0.8303 0.2471 0.4995
vn -0.8138 0.5134 -0.2723
vn -0.7869 0.4334 0.4392
vn -0.6382 0.7011 -0.3178
vn -0.6946 0.6046 0.3898
vn 0.5712 0.7930 -0.2120
vn 0.3411 0.8987 -0.2757
vn -0.9792 -0.1981 -0.0437
vn -0.9015 -0.4303 0.0467
vn 0.4190 -0.8406 0.3431
vn 0.7623 0.6332 -0.1339
vn 0.7623 0.6332 -0.1340
vn 0.1714 -0.9234 0.3435
vn 0.9015 0.4303 -0.0467
vn -0.6381 0.7006 -0.3194
vn -0.8136 0.5129 -0.2738
vn -0.0878 -0.9432 0.3205
vn 0.9792 0.1981 0.0437
vn -0.4190 0.8406 -0.3431
vn -0.3411 -0.8987 0.2757
vn 0.9902 -0.0477 0.1311
vn -0.1714 0.9234 -0.3435
vn -0.5712 -0.7930 0.2120
vn 0.9337 -0.2902 0.2096
vn 0.9337 -0.2901 0.2096
vn 0.0878 0.9432 -0.3205
vn -0.7623 -0.6332 0.1339
vn -0.7117 -0.0694 0.6991
vn -0.7664 0.0941 0.6354
vn -0.3171 -0.3992 0.8603
vn -0.4791 -0.3247 0.8155
vn 0.2181 -0.3583 0.9078
vn 0.0437 -0.4165 0.9081
vn 0.5805 0.0293 0.8138
vn 0.4959 -0.1275 0.8590
vn 0.5577 0.5365 0.6333
vn 0.6125 0.3730 0.6969
vn 0.1632 0.8663 0.4721
vn 0.3252 0.7919 0.5169
vn -0.3720 0.8254 0.4246
vn -0.1977 0.8837 0.4243
vn -0.7741 0.2671 0.5739
vn -0.7344 0.4379 0.5186
vn -0.6137 -0.2122 0.7605
vn -0.1388 -0.4305 0.8919
vn 0.3723 -0.2597 0.8910
vn 0.6202 0.2000 0.7585
vn 0.4597 0.6794 0.5719
vn 0.4598 0.6794 0.5719
vn -0.0151 0.8976 0.4405
vn -0.5262 0.7269 0.4413
vn -0.6498 0.5947 0.4734
vt 0.204335 0.788938
vt 0.199731 0.788938
vt 0.202033 0.806421
vt 0.282251 0.087304
vt 0.286357 0.084934
vt 0.275301 0.070526
vt 0.257296 0.068155
vt 0.257296 0.072896
vt 0.286357 0.056118
vt 0.282251 0.053747
vt 0.264246 0.084934
vt 0.268351 0.087304
vt 0.292080 0.077476
vt 0.293307 0.072896
vt 0.277672 0.052520
vt 0.272931 0.052520
vt 0.289709 0.081581
vt 0.268352 0.053747
vt 0.258523 0.063576
vt 0.277672 0.088531
vt 0.293307 0.068155
vt 0.260893 0.081581
vt 0.272931 0.088531
vt 0.260893 0.059470
vt 0.264246 0.056118
vt 0.292080 0.063576
vt 0.289710 0.059470
vt 0.258523 0.077476
vt 0.208781 0.790130
vt 0.218325 0.813170
vt 0.219516 0.808723
vt 0.212768 0.792431
vt 0.216023 0.817156
vt 0.216023 0.795687
vt 0.212768 0.820412
vt 0.218325 0.799673
vt 0.208781 0.822713
vt 0.219516 0.804120
vt 0.204335 0.823905
vt 0.199731 0.823905
vt 0.195285 0.822713
vt 0.191298 0.820412
vt 0.188043 0.817156
vt 0.185741 0.813170
vt 0.184550 0.808723
vt 0.184550 0.804120
vt 0.185741 0.799673
vt 0.188043 0.795687
vt 0.191298 0.792431
vt 0.195285 0.790130
vt 0.186727 0.842317
vt 0.186020 0.846933
vt 0.189299 0.847362
vt 0.189978 0.842853
vt 0.188713 0.833231
vt 0.187607 0.837739
vt 0.190809 0.838411
vt 0.191830 0.834079
vt 0.190127 0.828856
vt 0.193088 0.829931
vt 0.191939 0.824753
vt 0.194621 0.826089
vt 0.189296 0.929661
vt 0.190601 0.933581
vt 0.193212 0.932629
vt 0.192158 0.928869
vt 0.188256 0.925463
vt 0.191271 0.924806
vt 0.187395 0.921107
vt 0.190512 0.920547
vt 0.186669 0.916644
vt 0.189855 0.916163
vt 0.186051 0.912109
vt 0.189285 0.911694
vt 0.185527 0.907524
vt 0.188794 0.907168
vt 0.185088 0.902905
vt 0.188377 0.902605
vt 0.184729 0.898262
vt 0.188033 0.898016
vt 0.184449 0.893603
vt 0.187762 0.893411
vt 0.184244 0.888934
vt 0.187564 0.888795
vt 0.184116 0.884260
vt 0.187439 0.884174
vt 0.184063 0.879582
vt 0.187388 0.879550
vt 0.184088 0.874904
vt 0.187412 0.874927
vt 0.184190 0.870227
vt 0.187513 0.870307
vt 0.184372 0.865554
vt 0.187692 0.865692
vt 0.184639 0.860885
vt 0.187953 0.861085
vt 0.184995 0.856224
vt 0.188302 0.856490
vt 0.001465 0.060178
vt 0.001465 0.065102
vt 0.013607 0.065102
vt 0.013607 0.060178
vt 0.204887 0.853414
vt 0.204558 0.857700
vt 0.209290 0.857956
vt 0.209587 0.853728
vt 0.185450 0.851571
vt 0.188747 0.851913
vt 0.178115 0.754071
vt 0.179539 0.758512
vt 0.180702 0.758117
vt 0.179304 0.753725
vt 0.181869 0.757718
vt 0.180499 0.753376
vt 0.183088 0.757298
vt 0.181747 0.753007
vt 0.181148 0.762851
vt 0.182283 0.762406
vt 0.183422 0.761957
vt 0.184609 0.761484
vt 0.182948 0.767087
vt 0.184055 0.766588
vt 0.185163 0.766085
vt 0.186315 0.765556
vt 0.184965 0.771225
vt 0.186043 0.770660
vt 0.187117 0.770090
vt 0.188228 0.769493
vt 0.187272 0.775278
vt 0.188324 0.774617
vt 0.189354 0.773950
vt 0.190405 0.773255
vt 0.190070 0.779318
vt 0.191118 0.778501
vt 0.192086 0.777637
vt 0.193014 0.776738
vt 0.189175 0.664634
vt 0.186131 0.669761
vt 0.187444 0.670491
vt 0.190522 0.665522
vt 0.188743 0.671230
vt 0.191790 0.666489
vt 0.190081 0.672000
vt 0.193014 0.667521
vt 0.183650 0.674816
vt 0.184974 0.675428
vt 0.186295 0.676043
vt 0.187665 0.676683
vt 0.181548 0.679866
vt 0.182884 0.680390
vt 0.184223 0.680915
vt 0.185597 0.681454
vt 0.179730 0.684954
vt 0.181077 0.685408
vt 0.182432 0.685862
vt 0.183868 0.686345
vt 0.178157 0.690078
vt 0.179510 0.690469
vt 0.180869 0.690863
vt 0.182292 0.691273
vt 0.176823 0.695199
vt 0.178175 0.695528
vt 0.179535 0.695859
vt 0.180957 0.696201
vt 0.175722 0.700317
vt 0.177073 0.700584
vt 0.178431 0.700852
vt 0.179852 0.701129
vt 0.174852 0.705425
vt 0.176200 0.705631
vt 0.177555 0.705838
vt 0.178972 0.706050
vt 0.174212 0.710515
vt 0.175554 0.710661
vt 0.176903 0.710807
vt 0.178314 0.710956
vt 0.173796 0.715579
vt 0.175131 0.715665
vt 0.176472 0.715752
vt 0.177874 0.715838
vt 0.173604 0.720606
vt 0.174928 0.720635
vt 0.176258 0.720663
vt 0.177650 0.720688
vt 0.173629 0.725589
vt 0.174941 0.725560
vt 0.176258 0.725531
vt 0.177636 0.725496
vt 0.173869 0.730519
vt 0.175165 0.730434
vt 0.176468 0.730347
vt 0.177830 0.730254
vt 0.174319 0.735386
vt 0.175598 0.735246
vt 0.176883 0.735104
vt 0.178226 0.734953
vt 0.174973 0.740182
vt 0.176233 0.739989
vt 0.177498 0.739793
vt 0.178821 0.739585
vt 0.175828 0.744900
vt 0.177066 0.744654
vt 0.178309 0.744406
vt 0.179609 0.744144
vt 0.176877 0.749532
vt 0.178091 0.749235
vt 0.179311 0.748936
vt 0.180586 0.748620
vt 0.206412 0.922988
vt 0.206511 0.927187
vt 0.211303 0.927297
vt 0.211250 0.922788
vt 0.203913 0.883784
vt 0.204033 0.888157
vt 0.208844 0.887931
vt 0.208720 0.883626
vt 0.205811 0.914370
vt 0.206152 0.918701
vt 0.210996 0.918336
vt 0.210649 0.913930
vt 0.205698 0.844969
vt 0.205271 0.849166
vt 0.209927 0.849526
vt 0.210297 0.845356
vt 0.206152 0.840844
vt 0.210672 0.841227
vt 0.203857 0.879414
vt 0.208660 0.879326
vt 0.205441 0.910017
vt 0.210272 0.909559
vt 0.206601 0.836819
vt 0.211017 0.837144
vt 0.203867 0.875049
vt 0.208662 0.875032
vt 0.205078 0.905653
vt 0.209903 0.905211
vt 0.206995 0.832940
vt 0.211266 0.833111
vt 0.203942 0.870691
vt 0.208728 0.870746
vt 0.204744 0.901282
vt 0.209564 0.900878
vt 0.207235 0.829298
vt 0.211303 0.829130
vt 0.204083 0.866345
vt 0.208856 0.866469
vt 0.204453 0.896908
vt 0.209270 0.896556
vt 0.204289 0.862012
vt 0.209045 0.862205
vt 0.204214 0.892532
vt 0.209028 0.892240
vt 0.206351 0.931195
vt 0.210961 0.931857
vt 0.001465 0.109421
vt 0.001465 0.114346
vt 0.013607 0.114346
vt 0.013607 0.109421
vt 0.192488 0.852297
vt 0.193009 0.847838
vt 0.196885 0.852727
vt 0.197359 0.848360
vt 0.201249 0.853122
vt 0.201672 0.848827
vt 0.193639 0.843436
vt 0.197917 0.844057
vt 0.202156 0.844593
vt 0.194391 0.839121
vt 0.198559 0.839851
vt 0.202689 0.840447
vt 0.195283 0.834944
vt 0.199283 0.835788
vt 0.203250 0.836430
vt 0.196333 0.830977
vt 0.200077 0.831938
vt 0.203806 0.832601
vt 0.197541 0.827330
vt 0.200915 0.828388
vt 0.204307 0.829039
vt 0.196119 0.931815
vt 0.195367 0.928147
vt 0.199585 0.931244
vt 0.199178 0.927559
vt 0.203178 0.931064
vt 0.203088 0.927255
vt 0.194681 0.924169
vt 0.198730 0.923591
vt 0.202851 0.923203
vt 0.194055 0.919984
vt 0.198261 0.919432
vt 0.202517 0.919001
vt 0.193487 0.915664
vt 0.197795 0.915147
vt 0.202134 0.914707
vt 0.192976 0.911254
vt 0.197350 0.910781
vt 0.201741 0.910358
vt 0.192523 0.906786
vt 0.196941 0.906365
vt 0.201365 0.905976
vt 0.192133 0.902280
vt 0.196579 0.901916
vt 0.201022 0.901572
vt 0.191807 0.897748
vt 0.196270 0.897446
vt 0.200727 0.897157
vt 0.191547 0.893202
vt 0.196022 0.892963
vt 0.200486 0.892734
vt 0.191356 0.888645
vt 0.195837 0.888473
vt 0.200304 0.888307
vt 0.191234 0.884083
vt 0.195718 0.883980
vt 0.200186 0.883880
vt 0.191184 0.879520
vt 0.195668 0.879487
vt 0.200133 0.879455
vt 0.191206 0.874959
vt 0.195687 0.874997
vt 0.200147 0.875033
vt 0.191303 0.870401
vt 0.195777 0.870512
vt 0.200230 0.870619
vt 0.191476 0.865852
vt 0.195941 0.866038
vt 0.200381 0.866216
vt 0.191728 0.861314
vt 0.196178 0.861577
vt 0.200602 0.861827
vt 0.192064 0.856793
vt 0.196492 0.857137
vt 0.200891 0.857460
vt 0.165804 0.763474
vt 0.167752 0.768343
vt 0.183381 0.846589
vt 0.182806 0.851301
vt 0.169880 0.773081
vt 0.184098 0.841882
vt 0.172170 0.777691
vt 0.184997 0.837185
vt 0.174587 0.782188
vt 0.186144 0.832514
vt 0.177040 0.786585
vt 0.187641 0.827907
vt 0.172529 0.656985
vt 0.169986 0.662670
vt 0.189649 0.823475
vt 0.167628 0.668392
vt 0.186956 0.930378
vt 0.188430 0.934538
vt 0.165503 0.674155
vt 0.185815 0.926041
vt 0.163630 0.679957
vt 0.184888 0.921589
vt 0.162016 0.685789
vt 0.184116 0.917054
vt 0.160667 0.691634
vt 0.183465 0.912460
vt 0.159582 0.697478
vt 0.182918 0.907822
vt 0.158760 0.703308
vt 0.182463 0.903155
vt 0.158198 0.709112
vt 0.182093 0.898466
vt 0.157891 0.714880
vt 0.181805 0.893763
vt 0.157836 0.720600
vt 0.181595 0.889051
vt 0.158028 0.726262
vt 0.181464 0.884332
vt 0.158461 0.731856
vt 0.181410 0.879611
vt 0.159131 0.737372
vt 0.181434 0.874889
vt 0.160031 0.742801
vt 0.181537 0.870168
vt 0.161155 0.748134
vt 0.181720 0.865448
vt 0.162497 0.753363
vt 0.181989 0.860730
vt 0.164049 0.758479
vt 0.182347 0.856014
vt 0.001465 0.025707
vt 0.001465 0.030631
vt 0.013607 0.030631
vt 0.013607 0.025707
vt 0.001465 0.070027
vt 0.001465 0.074951
vt 0.013607 0.074951
vt 0.013607 0.070027
vt 0.001465 0.104497
vt 0.013607 0.104497
vt 0.001465 0.020783
vt 0.013607 0.020783
vt 0.001465 0.099573
vt 0.013607 0.099573
vt 0.001465 0.134043
vt 0.001465 0.138968
vt 0.013607 0.138968
vt 0.013607 0.134043
vt 0.001465 0.050329
vt 0.001465 0.055253
vt 0.013607 0.055253
vt 0.013607 0.050329
vt 0.001465 0.094648
vt 0.013607 0.094648
vt 0.001465 0.129119
vt 0.013607 0.129119
vt 0.001465 0.045405
vt 0.013607 0.045405
vt 0.001465 0.089724
vt 0.013607 0.089724
vt 0.001465 0.124195
vt 0.013607 0.124195
vt 0.001465 0.040480
vt 0.013607 0.040480
vt 0.001465 0.084800
vt 0.013607 0.084800
vt 0.001465 0.119270
vt 0.013607 0.119270
vt 0.001465 0.035556
vt 0.013607 0.035556
vt 0.001465 0.079875
vt 0.013607 0.079875
vt 0.219618 0.397924
vt 0.220590 0.398107
vt 0.221894 0.393549
vt 0.220972 0.393190
vt 0.220972 0.412466
vt 0.221894 0.412107
vt 0.220590 0.407548
vt 0.219618 0.407731
vt 0.229807 0.424093
vt 0.230400 0.423301
vt 0.226884 0.420121
vt 0.226155 0.420790
vt 0.243454 0.429294
vt 0.243538 0.428308
vt 0.238873 0.427467
vt 0.238608 0.428420
vt 0.257787 0.426494
vt 0.257337 0.425613
vt 0.252932 0.427365
vt 0.253211 0.428314
vt 0.253211 0.377341
vt 0.252932 0.378291
vt 0.257338 0.380043
vt 0.257787 0.379161
vt 0.238608 0.377236
vt 0.238873 0.378189
vt 0.243538 0.377348
vt 0.243454 0.376362
vt 0.223176 0.388786
vt 0.224016 0.389309
vt 0.226884 0.385535
vt 0.226155 0.384866
vt 0.219161 0.402828
vt 0.220151 0.402828
vt 0.223176 0.416869
vt 0.224016 0.416346
vt 0.234006 0.426666
vt 0.234442 0.425778
vt 0.248378 0.429258
vt 0.248279 0.428274
vt 0.261948 0.423861
vt 0.261344 0.423078
vt 0.248378 0.376397
vt 0.248279 0.377382
vt 0.234006 0.378989
vt 0.234442 0.379877
vt 0.229807 0.381562
vt 0.230400 0.382354
vt 0.261344 0.382578
vt 0.261948 0.381794
s 1
usemtl kirito_s1_txtr
f 891/891/563 892/892/564 893/893/565
s 0
f 894/894/566 895/895/566 896/896/566
f 897/897/566 898/898/566 896/896/566
f 899/899/566 900/900/566 896/896/566
f 901/901/566 902/902/566 896/896/566
f 903/903/566 904/904/566 896/896/566
f 905/905/566 906/906/566 896/896/566
f 895/895/566 907/907/566 896/896/566
f 900/900/566 905/905/566 896/896/566
f 906/906/566 908/908/566 896/896/566
f 909/909/566 897/897/566 896/896/566
f 910/910/566 894/894/566 896/896/566
f 904/904/566 911/911/566 896/896/566
f 912/912/566 901/901/566 896/896/566
f 902/902/566 913/913/566 896/896/566
f 907/907/566 903/903/566 896/896/566
f 914/914/566 909/909/566 896/896/566
f 915/915/566 914/914/566 896/896/566
f 916/916/566 917/917/566 896/896/566
f 911/911/566 916/916/566 896/896/566
f 917/917/566 899/899/566 896/896/566
f 913/913/566 910/910/566 896/896/566
f 908/908/566 915/915/566 896/896/566
f 898/898/566 918/918/566 896/896/566
f 918/918/566 912/912/566 896/896/566
s 1
f 919/919/567 891/891/563 893/893/565
f 920/920/568 921/921/569 893/893/565
f 922/922/570 919/919/567 893/893/565
f 923/923/571 920/920/568 893/893/565
f 924/924/572 922/922/570 893/893/565
f 925/925/573 923/923/571 893/893/565
f 926/926/574 924/924/572 893/893/565
f 927/927/575 925/925/573 893/893/565
f 928/928/576 926/926/574 893/893/565
f 929/929/577 927/927/575 893/893/565
f 930/930/578 929/929/577 893/893/565
f 931/931/579 930/930/578 893/893/565
f 932/932/580 931/931/579 893/893/565
f 933/933/581 932/932/580 893/893/565
f 934/934/582 933/933/581 893/893/565
f 921/921/569 928/928/576 893/893/565
f 935/935/583 934/934/582 893/893/565
f 936/936/584 935/935/583 893/893/565
f 937/937/585 936/936/584 893/893/565
f 938/938/586 937/937/585 893/893/565
f 939/939/587 938/938/586 893/893/565
f 940/940/588 939/939/587 893/893/565
f 892/892/564 940/940/588 893/893/565
f 941/941/589 942/942/590 943/943/591
f 941/941/589 943/943/591 944/944/592
f 945/945/593 946/946/594 947/947/595
f 945/945/593 947/947/595 948/948/596
f 949/949/597 945/945/593 948/948/596
f 949/949/597 948/948/596 950/950/598
f 951/951/599 949/949/597 950/950/598
f 951/951/599 950/950/598 952/952/600
f 953/953/601 954/954/602 955/955/603
f 953/953/601 955/955/603 956/956/604
f 957/957/605 953/953/601 956/956/604
f 957/957/605 956/956/604 958/958/606
f 959/959/607 957/957/605 958/958/606
f 959/959/607 958/958/606 960/960/608
f 961/961/609 959/959/607 960/960/608
f 961/961/609 960/960/608 962/962/610
f 963/963/611 961/961/609 962/962/610
f 963/963/611 962/962/610 964/964/612
f 965/965/613 963/963/611 964/964/612
f 965/965/613 964/964/612 966/966/614
f 967/967/615 965/965/613 966/966/614
f 967/967/615 966/966/614 968/968/616
f 969/969/617 967/967/615 968/968/616
f 969/969/617 968/968/616 970/970/618
f 971/971/619 969/969/617 970/970/618
f 971/971/619 970/970/618 972/972/620
f 973/973/621 971/971/619 972/972/620
f 973/973/621 972/972/620 974/974/622
f 975/975/623 973/973/621 974/974/622
f 975/975/623 974/974/622 976/976/624
f 977/977/625 975/975/623 976/976/624
f 977/977/625 976/976/624 978/978/626
f 979/979/627 977/977/625 978/978/626
f 979/979/627 978/978/626 980/980/628
f 981/981/629 979/979/627 980/980/628
f 981/981/629 980/980/628 982/982/630
f 983/983/631 981/981/629 982/982/630
f 983/983/631 982/982/630 984/984/632
f 985/985/633 983/983/631 984/984/632
f 985/985/633 984/984/632 986/986/634
f 987/987/635 985/985/633 986/986/634
f 987/987/635 986/986/634 988/988/636
f 989/989/637 990/990/638 991/991/638
f 989/989/637 991/991/638 992/992/639
f 993/993/640 994/994/641 995/995/642
f 993/993/640 995/995/642 996/996/643
f 946/946/594 941/941/589 944/944/592
f 946/946/594 944/944/592 947/947/595
f 997/997/644 987/987/635 988/988/636
f 997/997/644 988/988/636 998/998/645
f 999/999/646 1000/1000/647 1001/1001/648
f 999/999/646 1001/1001/648 1002/1002/649
f 1002/1002/649 1001/1001/648 1003/1003/650
f 1002/1002/649 1003/1003/650 1004/1004/651
f 1004/1004/651 1003/1003/650 1005/1005/652
f 1004/1004/651 1005/1005/652 1006/1006/653
f 1000/1000/647 1007/1007/654 1008/1008/655
f 1000/1000/647 1008/1008/655 1001/1001/648
f 1001/1001/648 1008/1008/655 1009/1009/656
f 1001/1001/648 1009/1009/656 1003/1003/650
f 1003/1003/650 1009/1009/656 1010/1010/657
f 1003/1003/650 1010/1010/657 1005/1005/652
f 1007/1007/654 1011/1011/658 1012/1012/659
f 1007/1007/654 1012/1012/659 1008/1008/655
f 1008/1008/655 1012/1012/659 1013/1013/660
f 1008/1008/655 1013/1013/660 1009/1009/656
f 1009/1009/656 1013/1013/660 1014/1014/570
f 1009/1009/656 1014/1014/570 1010/1010/657
f 1011/1011/658 1015/1015/661 1016/1016/662
f 1011/1011/658 1016/1016/662 1012/1012/659
f 1012/1012/659 1016/1016/662 1017/1017/663
f 1012/1012/659 1017/1017/663 1013/1013/660
f 1013/1013/660 1017/1017/663 1018/1018/664
f 1013/1013/660 1018/1018/664 1014/1014/570
f 1015/1015/661 1019/1019/665 1020/1020/666
f 1015/1015/661 1020/1020/666 1016/1016/662
f 1016/1016/662 1020/1020/666 1021/1021/667
f 1016/1016/662 1021/1021/667 1017/1017/663
f 1017/1017/663 1021/1021/667 1022/1022/668
f 1017/1017/663 1022/1022/668 1018/1018/664
f 1019/1019/665 1023/1023/669 1024/1024/670
f 1019/1019/665 1024/1024/670 1020/1020/666
f 1020/1020/666 1024/1024/670 1025/1025/671
f 1020/1020/666 1025/1025/671 1021/1021/667
f 1021/1021/667 1025/1025/671 1026/1026/672
f 1021/1021/667 1026/1026/672 1022/1022/668
f 1027/1027/673 1028/1028/674 1029/1029/675
f 1027/1027/673 1029/1029/675 1030/1030/670
f 1030/1030/670 1029/1029/675 1031/1031/676
f 1030/1030/670 1031/1031/676 1032/1032/671
f 1032/1032/671 1031/1031/676 1033/1033/677
f 1032/1032/671 1033/1033/677 1034/1034/672
f 1028/1028/674 1035/1035/678 1036/1036/679
f 1028/1028/674 1036/1036/679 1029/1029/675
f 1029/1029/675 1036/1036/679 1037/1037/680
f 1029/1029/675 1037/1037/680 1031/1031/676
f 1031/1031/676 1037/1037/680 1038/1038/681
f 1031/1031/676 1038/1038/681 1033/1033/677
f 1035/1035/678 1039/1039/682 1040/1040/683
f 1035/1035/678 1040/1040/683 1036/1036/679
f 1036/1036/679 1040/1040/683 1041/1041/684
f 1036/1036/679 1041/1041/684 1037/1037/680
f 1037/1037/680 1041/1041/684 1042/1042/685
f 1037/1037/680 1042/1042/685 1038/1038/681
f 1039/1039/682 1043/1043/686 1044/1044/687
f 1039/1039/682 1044/1044/687 1040/1040/683
f 1040/1040/683 1044/1044/687 1045/1045/688
f 1040/1040/683 1045/1045/688 1041/1041/684
f 1041/1041/684 1045/1045/688 1046/1046/689
f 1041/1041/684 1046/1046/689 1042/1042/685
f 1043/1043/686 1047/1047/690 1048/1048/691
f 1043/1043/686 1048/1048/691 1044/1044/687
f 1044/1044/687 1048/1048/691 1049/1049/692
f 1044/1044/687 1049/1049/692 1045/1045/688
f 1045/1045/688 1049/1049/692 1050/1050/693
f 1045/1045/688 1050/1050/693 1046/1046/689
f 1047/1047/690 1051/1051/694 1052/1052/695
f 1047/1047/690 1052/1052/695 1048/1048/691
f 1048/1048/691 1052/1052/695 1053/1053/696
f 1048/1048/691 1053/1053/696 1049/1049/692
f 1049/1049/692 1053/1053/696 1054/1054/697
f 1049/1049/692 1054/1054/697 1050/1050/693
f 1051/1051/694 1055/1055/698 1056/1056/699
f 1051/1051/694 1056/1056/699 1052/1052/695
f 1052/1052/695 1056/1056/699 1057/1057/700
f 1052/1052/695 1057/1057/700 1053/1053/696
f 1053/1053/696 1057/1057/700 1058/1058/582
f 1053/1053/696 1058/1058/582 1054/1054/697
f 1055/1055/698 1059/1059/701 1060/1060/702
f 1055/1055/698 1060/1060/702 1056/1056/699
f 1056/1056/699 1060/1060/702 1061/1061/703
f 1056/1056/699 1061/1061/703 1057/1057/700
f 1057/1057/700 1061/1061/703 1062/1062/704
f 1057/1057/700 1062/1062/704 1058/1058/582
f 1059/1059/701 1063/1063/705 1064/1064/706
f 1059/1059/701 1064/1064/706 1060/1060/702
f 1060/1060/702 1064/1064/706 1065/1065/707
f 1060/1060/702 1065/1065/707 1061/1061/703
f 1061/1061/703 1065/1065/707 1066/1066/708
f 1061/1061/703 1066/1066/708 1062/1062/704
f 1063/1063/705 1067/1067/709 1068/1068/710
f 1063/1063/705 1068/1068/710 1064/1064/706
f 1064/1064/706 1068/1068/710 1069/1069/711
f 1064/1064/706 1069/1069/711 1065/1065/707
f 1065/1065/707 1069/1069/711 1070/1070/579
f 1065/1065/707 1070/1070/579 1066/1066/708
f 1067/1067/709 1071/1071/712 1072/1072/713
f 1067/1067/709 1072/1072/713 1068/1068/710
f 1068/1068/710 1072/1072/713 1073/1073/714
f 1068/1068/710 1073/1073/714 1069/1069/711
f 1069/1069/711 1073/1073/714 1074/1074/578
f 1069/1069/711 1074/1074/578 1070/1070/579
f 1071/1071/712 1075/1075/715 1076/1076/716
f 1071/1071/712 1076/1076/716 1072/1072/713
f 1072/1072/713 1076/1076/716 1077/1077/717
f 1072/1072/713 1077/1077/717 1073/1073/714
f 1073/1073/714 1077/1077/717 1078/1078/718
f 1073/1073/714 1078/1078/718 1074/1074/578
f 1075/1075/715 1079/1079/719 1080/1080/720
f 1075/1075/715 1080/1080/720 1076/1076/716
f 1076/1076/716 1080/1080/720 1081/1081/721
f 1076/1076/716 1081/1081/721 1077/1077/717
f 1077/1077/717 1081/1081/721 1082/1082/722
f 1077/1077/717 1082/1082/722 1078/1078/718
f 1079/1079/719 1083/1083/723 1084/1084/724
f 1079/1079/719 1084/1084/724 1080/1080/720
f 1080/1080/720 1084/1084/724 1085/1085/725
f 1080/1080/720 1085/1085/725 1081/1081/721
f 1081/1081/721 1085/1085/725 1086/1086/573
f 1081/1081/721 1086/1086/573 1082/1082/722
f 1083/1083/723 1087/1087/726 1088/1088/727
f 1083/1083/723 1088/1088/727 1084/1084/724
f 1084/1084/724 1088/1088/727 1089/1089/728
f 1084/1084/724 1089/1089/728 1085/1085/725
f 1085/1085/725 1089/1089/728 1090/1090/729
f 1085/1085/725 1090/1090/729 1086/1086/573
f 1087/1087/726 1091/1091/730 1092/1092/731
f 1087/1087/726 1092/1092/731 1088/1088/727
f 1088/1088/727 1092/1092/731 1093/1093/732
f 1088/1088/727 1093/1093/732 1089/1089/728
f 1089/1089/728 1093/1093/732 1094/1094/733
f 1089/1089/728 1094/1094/733 1090/1090/729
f 1091/1091/730 1095/1095/734 1096/1096/735
f 1091/1091/730 1096/1096/735 1092/1092/731
f 1092/1092/731 1096/1096/735 1097/1097/736
f 1092/1092/731 1097/1097/736 1093/1093/732
f 1093/1093/732 1097/1097/736 1098/1098/737
f 1093/1093/732 1098/1098/737 1094/1094/733
f 1095/1095/734 999/999/646 1002/1002/649
f 1095/1095/734 1002/1002/649 1096/1096/735
f 1096/1096/735 1002/1002/649 1004/1004/651
f 1096/1096/735 1004/1004/651 1097/1097/736
f 1097/1097/736 1004/1004/651 1006/1006/653
f 1097/1097/736 1006/1006/653 1098/1098/737
f 1099/1099/738 1100/1100/739 1101/1101/740
f 1099/1099/738 1101/1101/740 1102/1102/741
f 1103/1103/742 1104/1104/743 1105/1105/744
f 1103/1103/742 1105/1105/744 1106/1106/745
f 1107/1107/746 1108/1108/747 1109/1109/748
f 1107/1107/746 1109/1109/748 1110/1110/749
f 1111/1111/750 1112/1112/751 1113/1113/752
f 1111/1111/750 1113/1113/752 1114/1114/753
f 1115/1115/754 1111/1111/750 1114/1114/753
f 1115/1115/754 1114/1114/753 1116/1116/755
f 1117/1117/756 1103/1103/742 1106/1106/745
f 1117/1117/756 1106/1106/745 1118/1118/757
f 1119/1119/758 1107/1107/746 1110/1110/749
f 1119/1119/758 1110/1110/749 1120/1120/759
f 1121/1121/760 1115/1115/754 1116/1116/755
f 1121/1121/760 1116/1116/755 1122/1122/761
f 1123/1123/762 1117/1117/756 1118/1118/757
f 1123/1123/762 1118/1118/757 1124/1124/763
f 1125/1125/764 1119/1119/758 1120/1120/759
f 1125/1125/764 1120/1120/759 1126/1126/765
f 1127/1127/766 1121/1121/760 1122/1122/761
f 1127/1127/766 1122/1122/761 1128/1128/767
f 1129/1129/768 1123/1123/762 1124/1124/763
f 1129/1129/768 1124/1124/763 1130/1130/769
f 1131/1131/770 1125/1125/764 1126/1126/765
f 1131/1131/770 1126/1126/765 1132/1132/771
f 1133/1133/772 1127/1127/766 1128/1128/767
f 1133/1133/772 1128/1128/767 1134/1134/773
f 1135/1135/774 1129/1129/768 1130/1130/769
f 1135/1135/774 1130/1130/769 1136/1136/775
f 1137/1137/776 1131/1131/770 1132/1132/771
f 1137/1137/776 1132/1132/771 1138/1138/777
f 1139/1139/778 1135/1135/774 1136/1136/775
f 1139/1139/778 1136/1136/775 1140/1140/779
f 1141/1141/780 1137/1137/776 1138/1138/777
f 1141/1141/780 1138/1138/777 1142/1142/781
f 1100/1100/739 1143/1143/782 1144/1144/783
f 1100/1100/739 1144/1144/783 1101/1101/740
f 994/994/641 1139/1139/778 1140/1140/779
f 994/994/641 1140/1140/779 995/995/642
f 1104/1104/743 1141/1141/780 1142/1142/781
f 1104/1104/743 1142/1142/781 1105/1105/744
f 1108/1108/747 1099/1099/738 1102/1102/741
f 1108/1108/747 1102/1102/741 1109/1109/748
f 1145/1145/784 1146/1146/785 1147/1147/785
f 1145/1145/784 1147/1147/785 1148/1148/784
f 943/943/591 998/998/645 1149/1149/786
f 943/943/591 1149/1149/786 1150/1150/787
f 1150/1150/787 1149/1149/786 1151/1151/788
f 1150/1150/787 1151/1151/788 1152/1152/789
f 1152/1152/789 1151/1151/788 1153/1153/790
f 1152/1152/789 1153/1153/790 1154/1154/791
f 1154/1154/791 1153/1153/790 993/993/640
f 1154/1154/791 993/993/640 1112/1112/751
f 944/944/592 943/943/591 1150/1150/787
f 944/944/592 1150/1150/787 1155/1155/792
f 1155/1155/792 1150/1150/787 1152/1152/789
f 1155/1155/792 1152/1152/789 1156/1156/793
f 1156/1156/793 1152/1152/789 1154/1154/791
f 1156/1156/793 1154/1154/791 1157/1157/794
f 1157/1157/794 1154/1154/791 1112/1112/751
f 1157/1157/794 1112/1112/751 1111/1111/750
f 947/947/595 944/944/592 1155/1155/792
f 947/947/595 1155/1155/792 1158/1158/795
f 1158/1158/795 1155/1155/792 1156/1156/793
f 1158/1158/795 1156/1156/793 1159/1159/796
f 1159/1159/796 1156/1156/793 1157/1157/794
f 1159/1159/796 1157/1157/794 1160/1160/797
f 1160/1160/797 1157/1157/794 1111/1111/750
f 1160/1160/797 1111/1111/750 1115/1115/754
f 948/948/596 947/947/595 1158/1158/795
f 948/948/596 1158/1158/795 1161/1161/798
f 1161/1161/798 1158/1158/795 1159/1159/796
f 1161/1161/798 1159/1159/796 1162/1162/799
f 1162/1162/799 1159/1159/796 1160/1160/797
f 1162/1162/799 1160/1160/797 1163/1163/800
f 1163/1163/800 1160/1160/797 1115/1115/754
f 1163/1163/800 1115/1115/754 1121/1121/760
f 950/950/598 948/948/596 1161/1161/798
f 950/950/598 1161/1161/798 1164/1164/801
f 1164/1164/801 1161/1161/798 1162/1162/799
f 1164/1164/801 1162/1162/799 1165/1165/802
f 1165/1165/802 1162/1162/799 1163/1163/800
f 1165/1165/802 1163/1163/800 1166/1166/803
f 1166/1166/803 1163/1163/800 1121/1121/760
f 1166/1166/803 1121/1121/760 1127/1127/766
f 952/952/600 950/950/598 1164/1164/801
f 952/952/600 1164/1164/801 1167/1167/804
f 1167/1167/804 1164/1164/801 1165/1165/802
f 1167/1167/804 1165/1165/802 1168/1168/805
f 1168/1168/805 1165/1165/802 1166/1166/803
f 1168/1168/805 1166/1166/803 1169/1169/806
f 1169/1169/806 1166/1166/803 1127/1127/766
f 1169/1169/806 1127/1127/766 1133/1133/772
f 956/956/604 955/955/603 1170/1170/804
f 956/956/604 1170/1170/804 1171/1171/807
f 1171/1171/807 1170/1170/804 1172/1172/805
f 1171/1171/807 1172/1172/805 1173/1173/808
f 1173/1173/808 1172/1172/805 1174/1174/809
f 1173/1173/808 1174/1174/809 1175/1175/810
f 1175/1175/810 1174/1174/809 1143/1143/782
f 1175/1175/810 1143/1143/782 1100/1100/739
f 958/958/606 956/956/604 1171/1171/807
f 958/958/606 1171/1171/807 1176/1176/811
f 1176/1176/811 1171/1171/807 1173/1173/808
f 1176/1176/811 1173/1173/808 1177/1177/812
f 1177/1177/812 1173/1173/808 1175/1175/810
f 1177/1177/812 1175/1175/810 1178/1178/813
f 1178/1178/813 1175/1175/810 1100/1100/739
f 1178/1178/813 1100/1100/739 1099/1099/738
f 960/960/608 958/958/606 1176/1176/811
f 960/960/608 1176/1176/811 1179/1179/814
f 1179/1179/814 1176/1176/811 1177/1177/812
f 1179/1179/814 1177/1177/812 1180/1180/815
f 1180/1180/815 1177/1177/812 1178/1178/813
f 1180/1180/815 1178/1178/813 1181/1181/816
f 1181/1181/816 1178/1178/813 1099/1099/738
f 1181/1181/816 1099/1099/738 1108/1108/747
f 962/962/610 960/960/608 1179/1179/814
f 962/962/610 1179/1179/814 1182/1182/817
f 1182/1182/817 1179/1179/814 1180/1180/815
f 1182/1182/817 1180/1180/815 1183/1183/818
f 1183/1183/818 1180/1180/815 1181/1181/816
f 1183/1183/818 1181/1181/816 1184/1184/819
f 1184/1184/819 1181/1181/816 1108/1108/747
f 1184/1184/819 1108/1108/747 1107/1107/746
f 964/964/612 962/962/610 1182/1182/817
f 964/964/612 1182/1182/817 1185/1185/820
f 1185/1185/820 1182/1182/817 1183/1183/818
f 1185/1185/820 1183/1183/818 1186/1186/821
f 1186/1186/821 1183/1183/818 1184/1184/819
f 1186/1186/821 1184/1184/819 1187/1187/822
f 1187/1187/822 1184/1184/819 1107/1107/746
f 1187/1187/822 1107/1107/746 1119/1119/758
f 966/966/614 964/964/612 1185/1185/820
f 966/966/614 1185/1185/820 1188/1188/823
f 1188/1188/823 1185/1185/820 1186/1186/821
f 1188/1188/823 1186/1186/821 1189/1189/824
f 1189/1189/824 1186/1186/821 1187/1187/822
f 1189/1189/824 1187/1187/822 1190/1190/825
f 1190/1190/825 1187/1187/822 1119/1119/758
f 1190/1190/825 1119/1119/758 1125/1125/764
f 968/968/616 966/966/614 1188/1188/823
f 968/968/616 1188/1188/823 1191/1191/826
f 1191/1191/826 1188/1188/823 1189/1189/824
f 1191/1191/826 1189/1189/824 1192/1192/827
f 1192/1192/827 1189/1189/824 1190/1190/825
f 1192/1192/827 1190/1190/825 1193/1193/828
f 1193/1193/828 1190/1190/825 1125/1125/764
f 1193/1193/828 1125/1125/764 1131/1131/770
f 970/970/618 968/968/616 1191/1191/826
f 970/970/618 1191/1191/826 1194/1194/829
f 1194/1194/829 1191/1191/826 1192/1192/827
f 1194/1194/829 1192/1192/827 1195/1195/830
f 1195/1195/830 1192/1192/827 1193/1193/828
f 1195/1195/830 1193/1193/828 1196/1196/831
f 1196/1196/831 1193/1193/828 1131/1131/770
f 1196/1196/831 1131/1131/770 1137/1137/776
f 972/972/620 970/970/618 1194/1194/829
f 972/972/620 1194/1194/829 1197/1197/832
f 1197/1197/832 1194/1194/829 1195/1195/830
f 1197/1197/832 1195/1195/830 1198/1198/833
f 1198/1198/833 1195/1195/830 1196/1196/831
f 1198/1198/833 1196/1196/831 1199/1199/834
f 1199/1199/834 1196/1196/831 1137/1137/776
f 1199/1199/834 1137/1137/776 1141/1141/780
f 974/974/622 972/972/620 1197/1197/832
f 974/974/622 1197/1197/832 1200/1200/835
f 1200/1200/835 1197/1197/832 1198/1198/833
f 1200/1200/835 1198/1198/833 1201/1201/836
f 1201/1201/836 1198/1198/833 1199/1199/834
f 1201/1201/836 1199/1199/834 1202/1202/837
f 1202/1202/837 1199/1199/834 1141/1141/780
f 1202/1202/837 1141/1141/780 1104/1104/743
f 976/976/624 974/974/622 1200/1200/835
f 976/976/624 1200/1200/835 1203/1203/838
f 1203/1203/838 1200/1200/835 1201/1201/836
f 1203/1203/838 1201/1201/836 1204/1204/839
f 1204/1204/839 1201/1201/836 1202/1202/837
f 1204/1204/839 1202/1202/837 1205/1205/840
f 1205/1205/840 1202/1202/837 1104/1104/743
f 1205/1205/840 1104/1104/743 1103/1103/742
f 978/978/626 976/976/624 1203/1203/838
f 978/978/626 1203/1203/838 1206/1206/841
f 1206/1206/841 1203/1203/838 1204/1204/839
f 1206/1206/841 1204/1204/839 1207/1207/842
f 1207/1207/842 1204/1204/839 1205/1205/840
f 1207/1207/842 1205/1205/840 1208/1208/843
f 1208/1208/843 1205/1205/840 1103/1103/742
f 1208/1208/843 1103/1103/742 1117/1117/756
f 980/980/628 978/978/626 1206/1206/841
f 980/980/628 1206/1206/841 1209/1209/844
f 1209/1209/844 1206/1206/841 1207/1207/842
f 1209/1209/844 1207/1207/842 1210/1210/845
f 1210/1210/845 1207/1207/842 1208/1208/843
f 1210/1210/845 1208/1208/843 1211/1211/846
f 1211/1211/846 1208/1208/843 1117/1117/756
f 1211/1211/846 1117/1117/756 1123/1123/762
f 982/982/630 980/980/628 1209/1209/844
f 982/982/630 1209/1209/844 1212/1212/847
f 1212/1212/847 1209/1209/844 1210/1210/845
f 1212/1212/847 1210/1210/845 1213/1213/848
f 1213/1213/848 1210/1210/845 1211/1211/846
f 1213/1213/848 1211/1211/846 1214/1214/849
f 1214/1214/849 1211/1211/846 1123/1123/762
f 1214/1214/849 1123/1123/762 1129/1129/768
f 984/984/632 982/982/630 1212/1212/847
f 984/984/632 1212/1212/847 1215/1215/850
f 1215/1215/850 1212/1212/847 1213/1213/848
f 1215/1215/850 1213/1213/848 1216/1216/851
f 1216/1216/851 1213/1213/848 1214/1214/849
f 1216/1216/851 1214/1214/849 1217/1217/852
f 1217/1217/852 1214/1214/849 1129/1129/768
f 1217/1217/852 1129/1129/768 1135/1135/774
f 986/986/634 984/984/632 1215/1215/850
f 986/986/634 1215/1215/850 1218/1218/853
f 1218/1218/853 1215/1215/850 1216/1216/851
f 1218/1218/853 1216/1216/851 1219/1219/854
f 1219/1219/854 1216/1216/851 1217/1217/852
f 1219/1219/854 1217/1217/852 1220/1220/855
f 1220/1220/855 1217/1217/852 1135/1135/774
f 1220/1220/855 1135/1135/774 1139/1139/778
f 988/988/636 986/986/634 1218/1218/853
f 988/988/636 1218/1218/853 1221/1221/856
f 1221/1221/856 1218/1218/853 1219/1219/854
f 1221/1221/856 1219/1219/854 1222/1222/857
f 1222/1222/857 1219/1219/854 1220/1220/855
f 1222/1222/857 1220/1220/855 1223/1223/858
f 1223/1223/858 1220/1220/855 1139/1139/778
f 1223/1223/858 1139/1139/778 994/994/641
f 998/998/645 988/988/636 1221/1221/856
f 998/998/645 1221/1221/856 1149/1149/786
f 1149/1149/786 1221/1221/856 1222/1222/857
f 1149/1149/786 1222/1222/857 1151/1151/788
f 1151/1151/788 1222/1222/857 1223/1223/858
f 1151/1151/788 1223/1223/858 1153/1153/790
f 1153/1153/790 1223/1223/858 994/994/641
f 1153/1153/790 994/994/641 993/993/640
f 1112/1112/751 993/993/640 996/996/643
f 1112/1112/751 996/996/643 1113/1113/752
f 1000/1000/647 1224/1224/859 1225/1225/860
f 1000/1000/647 1225/1225/860 1007/1007/654
f 1226/1226/861 1227/1227/862 997/997/644
f 1226/1226/861 997/997/644 942/942/590
f 1007/1007/654 1225/1225/860 1228/1228/863
f 1007/1007/654 1228/1228/863 1011/1011/658
f 1229/1229/864 1226/1226/861 942/942/590
f 1229/1229/864 942/942/590 941/941/589
f 1011/1011/658 1228/1228/863 1230/1230/865
f 1011/1011/658 1230/1230/865 1015/1015/661
f 1231/1231/866 1229/1229/864 941/941/589
f 1231/1231/866 941/941/589 946/946/594
f 1015/1015/661 1230/1230/865 1232/1232/867
f 1015/1015/661 1232/1232/867 1019/1019/665
f 1233/1233/868 1231/1231/866 946/946/594
f 1233/1233/868 946/946/594 945/945/593
f 1019/1019/665 1232/1232/867 1234/1234/869
f 1019/1019/665 1234/1234/869 1023/1023/669
f 1235/1235/870 1233/1233/868 945/945/593
f 1235/1235/870 945/945/593 949/949/597
f 1027/1027/673 1236/1236/871 1237/1237/872
f 1027/1027/673 1237/1237/872 1028/1028/674
f 1238/1238/873 1235/1235/870 949/949/597
f 1238/1238/873 949/949/597 951/951/599
f 1028/1028/674 1237/1237/872 1239/1239/874
f 1028/1028/674 1239/1239/874 1035/1035/678
f 1240/1240/875 1241/1241/873 954/954/602
f 1240/1240/875 954/954/602 953/953/601
f 1035/1035/678 1239/1239/874 1242/1242/876
f 1035/1035/678 1242/1242/876 1039/1039/682
f 1243/1243/877 1240/1240/875 953/953/601
f 1243/1243/877 953/953/601 957/957/605
f 1039/1039/682 1242/1242/876 1244/1244/878
f 1039/1039/682 1244/1244/878 1043/1043/686
f 1245/1245/879 1243/1243/877 957/957/605
f 1245/1245/879 957/957/605 959/959/607
f 1043/1043/686 1244/1244/878 1246/1246/880
f 1043/1043/686 1246/1246/880 1047/1047/690
f 1247/1247/881 1245/1245/879 959/959/607
f 1247/1247/881 959/959/607 961/961/609
f 1047/1047/690 1246/1246/880 1248/1248/882
f 1047/1047/690 1248/1248/882 1051/1051/694
f 1249/1249/883 1247/1247/881 961/961/609
f 1249/1249/883 961/961/609 963/963/611
f 1051/1051/694 1248/1248/882 1250/1250/884
f 1051/1051/694 1250/1250/884 1055/1055/698
f 1251/1251/885 1249/1249/883 963/963/611
f 1251/1251/885 963/963/611 965/965/613
f 1055/1055/698 1250/1250/884 1252/1252/886
f 1055/1055/698 1252/1252/886 1059/1059/701
f 1253/1253/887 1251/1251/885 965/965/613
f 1253/1253/887 965/965/613 967/967/615
f 1059/1059/701 1252/1252/886 1254/1254/888
f 1059/1059/701 1254/1254/888 1063/1063/705
f 1255/1255/889 1253/1253/887 967/967/615
f 1255/1255/889 967/967/615 969/969/617
f 1063/1063/705 1254/1254/888 1256/1256/890
f 1063/1063/705 1256/1256/890 1067/1067/709
f 1257/1257/891 1255/1255/889 969/969/617
f 1257/1257/891 969/969/617 971/971/619
f 1067/1067/709 1256/1256/890 1258/1258/892
f 1067/1067/709 1258/1258/892 1071/1071/712
f 1259/1259/893 1257/1257/891 971/971/619
f 1259/1259/893 971/971/619 973/973/621
f 1071/1071/712 1258/1258/892 1260/1260/894
f 1071/1071/712 1260/1260/894 1075/1075/715
f 1261/1261/895 1259/1259/893 973/973/621
f 1261/1261/895 973/973/621 975/975/623
f 1075/1075/715 1260/1260/894 1262/1262/896
f 1075/1075/715 1262/1262/896 1079/1079/719
f 1263/1263/897 1261/1261/895 975/975/623
f 1263/1263/897 975/975/623 977/977/625
f 1079/1079/719 1262/1262/896 1264/1264/898
f 1079/1079/719 1264/1264/898 1083/1083/723
f 1265/1265/899 1263/1263/897 977/977/625
f 1265/1265/899 977/977/625 979/979/627
f 1083/1083/723 1264/1264/898 1266/1266/900
f 1083/1083/723 1266/1266/900 1087/1087/726
f 1267/1267/901 1265/1265/899 979/979/627
f 1267/1267/901 979/979/627 981/981/629
f 1087/1087/726 1266/1266/900 1268/1268/902
f 1087/1087/726 1268/1268/902 1091/1091/730
f 1269/1269/903 1267/1267/901 981/981/629
f 1269/1269/903 981/981/629 983/983/631
f 1091/1091/730 1268/1268/902 1270/1270/904
f 1091/1091/730 1270/1270/904 1095/1095/734
f 1271/1271/905 1269/1269/903 983/983/631
f 1271/1271/905 983/983/631 985/985/633
f 1095/1095/734 1270/1270/904 1272/1272/906
f 1095/1095/734 1272/1272/906 999/999/646
f 1273/1273/907 1271/1271/905 985/985/633
f 1273/1273/907 985/985/633 987/987/635
f 1227/1227/862 1273/1273/907 987/987/635
f 1227/1227/862 987/987/635 997/997/644
f 942/942/590 997/997/644 998/998/645
f 942/942/590 998/998/645 943/943/591
f 1274/1274/908 1275/1275/909 1276/1276/909
f 1274/1274/908 1276/1276/909 1277/1277/908
f 1278/1278/910 1279/1279/911 1280/1280/911
f 1278/1278/910 1280/1280/911 1281/1281/910
f 1282/1282/912 1145/1145/784 1148/1148/784
f 1282/1282/912 1148/1148/784 1283/1283/912
f 1284/1284/913 1274/1274/908 1277/1277/908
f 1284/1284/913 1277/1277/908 1285/1285/914
f 990/990/638 1278/1278/910 1281/1281/910
f 990/990/638 1281/1281/910 991/991/638
f 1286/1286/915 1282/1282/912 1283/1283/912
f 1286/1286/915 1283/1283/912 1287/1287/915
f 1288/1288/916 1289/1289/913 1290/1290/913
f 1288/1288/916 1290/1290/913 1291/1291/916
f 1292/1292/917 1293/1293/918 1294/1294/918
f 1292/1292/917 1294/1294/918 1295/1295/917
f 1296/1296/919 1286/1286/915 1287/1287/915
f 1296/1296/919 1287/1287/915 1297/1297/919
f 1298/1298/920 1288/1288/916 1291/1291/916
f 1298/1298/920 1291/1291/916 1299/1299/920
f 1300/1300/921 1292/1292/917 1295/1295/917
f 1300/1300/921 1295/1295/917 1301/1301/921
f 1302/1302/922 1296/1296/919 1297/1297/919
f 1302/1302/922 1297/1297/919 1303/1303/922
f 1304/1304/923 1298/1298/920 1299/1299/920
f 1304/1304/923 1299/1299/920 1305/1305/923
f 1306/1306/924 1300/1300/921 1301/1301/921
f 1306/1306/924 1301/1301/921 1307/1307/924
f 1308/1308/925 1302/1302/922 1303/1303/922
f 1308/1308/925 1303/1303/922 1309/1309/925
f 1310/1310/926 1304/1304/923 1305/1305/923
f 1310/1310/926 1305/1305/923 1311/1311/927
f 1312/1312/928 1306/1306/924 1307/1307/924
f 1312/1312/928 1307/1307/924 1313/1313/928
f 1314/1314/929 1308/1308/925 1309/1309/925
f 1314/1314/929 1309/1309/925 1315/1315/929
f 1146/1146/785 1310/1310/926 1311/1311/927
f 1146/1146/785 1311/1311/927 1147/1147/785
f 1275/1275/909 1312/1312/928 1313/1313/928
f 1275/1275/909 1313/1313/928 1276/1276/909
f 1279/1279/911 1314/1314/929 1315/1315/929
f 1279/1279/911 1315/1315/929 1280/1280/911
f 999/999/646 1272/1272/906 1224/1224/859
f 999/999/646 1224/1224/859 1000/1000/647
f 1316/1316/930 1317/1317/930 1318/1318/931
f 1316/1316/930 1318/1318/931 1319/1319/931
f 1320/1320/932 1321/1321/932 1322/1322/933
f 1320/1320/932 1322/1322/933 1323/1323/933
f 1324/1324/934 1325/1325/934 1326/1326/935
f 1324/1324/934 1326/1326/935 1327/1327/935
f 1328/1328/936 1329/1329/936 1330/1330/937
f 1328/1328/936 1330/1330/937 1331/1331/937
f 1332/1332/938 1333/1333/938 1334/1334/939
f 1332/1332/938 1334/1334/939 1335/1335/939
f 1336/1336/940 1337/1337/940 1338/1338/941
f 1336/1336/940 1338/1338/941 1339/1339/941
f 1340/1340/942 1341/1341/942 1342/1342/943
f 1340/1340/942 1342/1342/943 1343/1343/943
f 1344/1344/944 1345/1345/944 1346/1346/945
f 1344/1344/944 1346/1346/945 1347/1347/945
f 1348/1348/946 1349/1349/946 1317/1317/930
f 1348/1348/946 1317/1317/930 1316/1316/930
f 1350/1350/947 1351/1351/947 1321/1321/932
f 1350/1350/947 1321/1321/932 1320/1320/932
f 1352/1352/948 1353/1353/948 1325/1325/934
f 1352/1352/948 1325/1325/934 1324/1324/934
f 1354/1354/949 1355/1355/949 1329/1329/936
f 1354/1354/949 1329/1329/936 1328/1328/936
f 1356/1356/950 1357/1357/951 1333/1333/938
f 1356/1356/950 1333/1333/938 1332/1332/938
f 1358/1358/952 1359/1359/952 1337/1337/940
f 1358/1358/952 1337/1337/940 1336/1336/940
f 1360/1360/953 1361/1361/953 1341/1341/942
f 1360/1360/953 1341/1341/942 1340/1340/942
f 1362/1362/954 1363/1363/954 1361/1361/953
f 1362/1362/954 1361/1361/953 1360/1360/953
f 1319/1319/931 1318/1318/931 1345/1345/944
f 1319/1319/931 1345/1345/944 1344/1344/944
f 1323/1323/933 1322/1322/933 1349/1349/946
f 1323/1323/933 1349/1349/946 1348/1348/946
f 1327/1327/935 1326/1326/935 1351/1351/947
f 1327/1327/935 1351/1351/947 1350/1350/947
f 1331/1331/937 1330/1330/937 1353/1353/948
f 1331/1331/937 1353/1353/948 1352/1352/948
f 1335/1335/939 1334/1334/939 1355/1355/949
f 1335/1335/939 1355/1355/949 1354/1354/949
f 1339/1339/941 1338/1338/941 1364/1364/950
f 1339/1339/941 1364/1364/950 1365/1365/950
f 1343/1343/943 1342/1342/943 1359/1359/952
f 1343/1343/943 1359/1359/952 1358/1358/952
f 1293/1293/918 989/989/637 992/992/639
f 1293/1293/918 992/992/639 1294/1294/918
f 1347/1347/945 1346/1346/945 1363/1363/954
f 1347/1347/945 1363/1363/954 1362/1362/954
o sphere_low.002_kirito_s1_txtr_0
v -0.023629 0.364699 0.167783
v -0.021786 0.362479 0.167777
v -0.024438 0.363771 0.168015
v -0.024858 0.362694 0.168344
v -0.024827 0.361631 0.168721
v -0.024348 0.360744 0.169087
v -0.019428 0.364831 0.168223
v -0.020281 0.365407 0.167922
v -0.021380 0.365584 0.167733
v -0.022555 0.365335 0.167684
v -0.006939 0.346373 0.176137
v -0.008013 0.345736 0.176236
v -0.008578 0.347977 0.174387
v -0.009188 0.345488 0.176187
v -0.010286 0.345665 0.175998
v -0.011140 0.346241 0.175698
v -0.006220 0.350328 0.174833
v -0.005741 0.349441 0.175200
v -0.005709 0.348378 0.175576
v -0.006130 0.347300 0.175905
v -0.027669 0.371520 0.177036
v -0.026812 0.369591 0.172795
v -0.028765 0.367352 0.173354
v -0.029782 0.369096 0.177642
v -0.025394 0.367196 0.169546
v -0.026888 0.365483 0.169974
v -0.027666 0.363492 0.170582
v -0.029781 0.364751 0.174149
v -0.030882 0.366281 0.178502
v -0.027607 0.361528 0.171277
v -0.029705 0.362185 0.175058
v -0.030799 0.363503 0.179486
v -0.028548 0.360043 0.175942
v -0.029548 0.361185 0.180443
v -0.026722 0.359888 0.171954
v -0.016670 0.369909 0.173855
v -0.017631 0.367440 0.170357
v -0.019208 0.368504 0.169802
v -0.018731 0.371300 0.173129
v -0.016691 0.371864 0.178184
v -0.018921 0.373369 0.177399
v -0.021237 0.368831 0.169452
v -0.021382 0.371728 0.172673
v -0.021791 0.373832 0.176905
v -0.024220 0.371128 0.172556
v -0.024862 0.373183 0.176778
v -0.023409 0.368372 0.169363
v -0.005362 0.347026 0.188201
v -0.008168 0.345363 0.188460
v -0.007791 0.344322 0.183852
v -0.005198 0.345859 0.183613
v -0.005752 0.345629 0.179376
v -0.007736 0.344453 0.179560
v -0.010629 0.343722 0.183735
v -0.009908 0.343994 0.179470
v -0.011240 0.344714 0.188333
v -0.013280 0.344150 0.183278
v -0.011937 0.344321 0.179120
v -0.014109 0.345177 0.187839
v -0.016340 0.346682 0.187054
v -0.015340 0.345541 0.182553
v -0.013514 0.345386 0.178565
v -0.003462 0.355407 0.180466
v -0.002306 0.353265 0.181350
v -0.003538 0.351298 0.177645
v -0.004423 0.352937 0.176968
v -0.003483 0.357361 0.184795
v -0.002231 0.355043 0.185752
v -0.002230 0.350699 0.182259
v -0.003480 0.349334 0.178340
v -0.002149 0.352265 0.186736
v -0.003248 0.349450 0.187596
v -0.003245 0.348098 0.183053
v -0.004257 0.347343 0.178948
vn -0.2800 0.1360 -0.9503
vn -0.0403 -0.1601 -0.9863
vn -0.3987 -0.0115 -0.9170
vn -0.4533 -0.2030 -0.8679
vn -0.4271 -0.4168 -0.8024
vn -0.3876 -0.5229 -0.7592
vn 0.4126 0.1419 -0.8998
vn 0.3078 0.1936 -0.9316
vn 0.0922 0.2502 -0.9638
vn -0.1114 0.2271 -0.9675
vn 0.4569 -0.6731 -0.5815
vn 0.2894 -0.7671 -0.5726
vn 0.2513 -0.4803 -0.8403
vn 0.0881 -0.7974 -0.5970
vn -0.1249 -0.7486 -0.6512
vn -0.2301 -0.6959 -0.6803
vn 0.5702 -0.0312 -0.8209
vn 0.6099 -0.1382 -0.7803
vn 0.6336 -0.3443 -0.6928
vn 0.5767 -0.5284 -0.6231
vn -0.6215 0.6583 -0.4247
vn -0.5943 0.6028 -0.5324
vn -0.8051 0.3553 -0.4749
vn -0.8382 0.4062 -0.3640
vn -0.4945 0.4363 -0.7517
vn -0.6778 0.2150 -0.7031
vn -0.7709 -0.0741 -0.6326
vn -0.9213 0.0312 -0.3876
vn -0.9599 0.0765 -0.2696
vn -0.7419 -0.4031 -0.5358
vn -0.8996 -0.3451 -0.2677
vn -0.9408 -0.3083 -0.1408
vn -0.8271 -0.5271 -0.1949
vn -0.8662 -0.4953 -0.0667
vn -0.6797 -0.5618 -0.4716
vn 0.6033 0.6610 -0.4462
vn 0.5563 0.4649 -0.6887
vn 0.4001 0.5455 -0.7364
vn 0.4244 0.7547 -0.5003
vn 0.6050 0.7268 -0.3252
vn 0.4215 0.8233 -0.3802
vn 0.0674 0.6223 -0.7799
vn 0.0402 0.8299 -0.5565
vn 0.0269 0.8961 -0.4430
vn -0.3093 0.7671 -0.5620
vn -0.3305 0.8279 -0.4532
vn -0.2412 0.5776 -0.7798
vn 0.6463 -0.7337 0.2098
vn 0.3559 -0.9049 0.2336
vn 0.3617 -0.9259 0.1091
vn 0.6456 -0.7586 0.0882
vn 0.6046 -0.7706 -0.2016
vn 0.3529 -0.9167 -0.1873
vn 0.0148 -0.9966 0.0809
vn 0.0484 -0.9737 -0.2225
vn -0.0000 -0.9775 0.2108
vn -0.3665 -0.9304 -0.0009
vn -0.2799 -0.9105 -0.3045
vn -0.3929 -0.9098 0.1334
vn -0.5765 -0.8134 0.0783
vn -0.5455 -0.8364 -0.0539
vn -0.4363 -0.8290 -0.3497
vn 0.8849 0.3518 -0.3052
vn 0.9575 0.1694 -0.2335
vn 0.8622 0.0382 -0.5052
vn 0.7997 0.1977 -0.5669
vn 0.8947 0.4087 -0.1802
vn 0.9693 0.2217 -0.1060
vn 0.9763 -0.1980 -0.0880
vn 0.8867 -0.2774 -0.3698
vn 0.9868 -0.1579 0.0374
vn 0.8635 -0.4832 0.1444
vn 0.8575 -0.5141 0.0220
vn 0.7895 -0.5541 -0.2640
vt 0.034165 0.985026
vt 0.036938 0.984756
vt 0.034184 0.983959
vt 0.034468 0.982938
vt 0.035037 0.982045
vt 0.035914 0.981367
vt 0.036587 0.988279
vt 0.035596 0.987783
vt 0.034866 0.987017
vt 0.034390 0.986070
vt 0.027503 0.017776
vt 0.027522 0.018843
vt 0.030276 0.018046
vt 0.027806 0.019864
vt 0.028374 0.020757
vt 0.029251 0.021435
vt 0.029925 0.014523
vt 0.028934 0.015019
vt 0.028203 0.015785
vt 0.027728 0.016732
vt 0.022824 0.986131
vt 0.027581 0.985668
vt 0.027513 0.982917
vt 0.022824 0.982534
vt 0.031238 0.985312
vt 0.031210 0.983369
vt 0.031561 0.981483
vt 0.027891 0.980275
vt 0.023342 0.979193
vt 0.032300 0.979724
vt 0.028645 0.977815
vt 0.024217 0.976209
vt 0.029753 0.975489
vt 0.025286 0.973538
vt 0.033491 0.978127
vt 0.031677 0.995236
vt 0.034835 0.991926
vt 0.033359 0.990588
vt 0.030141 0.993168
vt 0.027671 0.998012
vt 0.026106 0.995598
vt 0.032293 0.989006
vt 0.028926 0.990899
vt 0.024672 0.992839
vt 0.028046 0.988380
vt 0.023519 0.989661
vt 0.031586 0.987222
vt 0.016162 0.016671
vt 0.016162 0.020268
vt 0.020851 0.019885
vt 0.020919 0.017134
vt 0.024575 0.017491
vt 0.024548 0.019433
vt 0.021229 0.022527
vt 0.024898 0.021319
vt 0.016680 0.023609
vt 0.021983 0.024987
vt 0.025638 0.023077
vt 0.017555 0.026593
vt 0.018624 0.029264
vt 0.023091 0.027313
vt 0.026828 0.024675
vt 0.025015 0.007566
vt 0.023479 0.009634
vt 0.026696 0.012214
vt 0.028173 0.010876
vt 0.021009 0.004790
vt 0.019444 0.007204
vt 0.022264 0.011903
vt 0.025631 0.013796
vt 0.018010 0.009963
vt 0.016857 0.013141
vt 0.021383 0.014422
vt 0.024924 0.015580
s 1
usemtl kirito_s1_txtr
f 1366/1366/955 1367/1367/956 1368/1368/957
f 1368/1368/957 1367/1367/956 1369/1369/958
f 1369/1369/958 1367/1367/956 1370/1370/959
f 1370/1370/959 1367/1367/956 1371/1371/960
f 1372/1372/961 1367/1367/956 1373/1373/962
f 1373/1373/962 1367/1367/956 1374/1374/963
f 1374/1374/963 1367/1367/956 1375/1375/964
f 1375/1375/964 1367/1367/956 1366/1366/955
f 1376/1376/965 1377/1377/966 1378/1378/967
f 1377/1377/966 1379/1379/968 1378/1378/967
f 1379/1379/968 1380/1380/969 1378/1378/967
f 1380/1380/969 1381/1381/970 1378/1378/967
f 1382/1382/971 1383/1383/972 1378/1378/967
f 1383/1383/972 1384/1384/973 1378/1378/967
f 1384/1384/973 1385/1385/974 1378/1378/967
f 1385/1385/974 1376/1376/965 1378/1378/967
f 1386/1386/975 1387/1387/976 1388/1388/977
f 1386/1386/975 1388/1388/977 1389/1389/978
f 1390/1390/979 1366/1366/955 1368/1368/957
f 1390/1390/979 1368/1368/957 1391/1391/980
f 1387/1387/976 1390/1390/979 1391/1391/980
f 1387/1387/976 1391/1391/980 1388/1388/977
f 1388/1388/977 1391/1391/980 1392/1392/981
f 1388/1388/977 1392/1392/981 1393/1393/982
f 1389/1389/978 1388/1388/977 1393/1393/982
f 1389/1389/978 1393/1393/982 1394/1394/983
f 1391/1391/980 1368/1368/957 1369/1369/958
f 1391/1391/980 1369/1369/958 1392/1392/981
f 1393/1393/982 1392/1392/981 1395/1395/984
f 1393/1393/982 1395/1395/984 1396/1396/985
f 1394/1394/983 1393/1393/982 1396/1396/985
f 1394/1394/983 1396/1396/985 1397/1397/986
f 1392/1392/981 1369/1369/958 1370/1370/959
f 1392/1392/981 1370/1370/959 1395/1395/984
f 1397/1397/986 1396/1396/985 1398/1398/987
f 1397/1397/986 1398/1398/987 1399/1399/988
f 1395/1395/984 1370/1370/959 1371/1371/960
f 1395/1395/984 1371/1371/960 1400/1400/989
f 1396/1396/985 1395/1395/984 1400/1400/989
f 1396/1396/985 1400/1400/989 1398/1398/987
f 1401/1401/990 1402/1402/991 1403/1403/992
f 1401/1401/990 1403/1403/992 1404/1404/993
f 1405/1405/994 1401/1401/990 1404/1404/993
f 1405/1405/994 1404/1404/993 1406/1406/995
f 1402/1402/991 1372/1372/961 1373/1373/962
f 1402/1402/991 1373/1373/962 1403/1403/992
f 1404/1404/993 1403/1403/992 1407/1407/996
f 1404/1404/993 1407/1407/996 1408/1408/997
f 1406/1406/995 1404/1404/993 1408/1408/997
f 1406/1406/995 1408/1408/997 1409/1409/998
f 1403/1403/992 1373/1373/962 1374/1374/963
f 1403/1403/992 1374/1374/963 1407/1407/996
f 1409/1409/998 1408/1408/997 1410/1410/999
f 1409/1409/998 1410/1410/999 1411/1411/1000
f 1407/1407/996 1374/1374/963 1375/1375/964
f 1407/1407/996 1375/1375/964 1412/1412/1001
f 1408/1408/997 1407/1407/996 1412/1412/1001
f 1408/1408/997 1412/1412/1001 1410/1410/999
f 1412/1412/1001 1375/1375/964 1366/1366/955
f 1412/1412/1001 1366/1366/955 1390/1390/979
f 1410/1410/999 1412/1412/1001 1390/1390/979
f 1410/1410/999 1390/1390/979 1387/1387/976
f 1411/1411/1000 1410/1410/999 1387/1387/976
f 1411/1411/1000 1387/1387/976 1386/1386/975
f 1413/1413/1002 1414/1414/1003 1415/1415/1004
f 1413/1413/1002 1415/1415/1004 1416/1416/1005
f 1417/1417/1006 1418/1418/1007 1377/1377/966
f 1417/1417/1006 1377/1377/966 1376/1376/965
f 1416/1416/1005 1415/1415/1004 1418/1418/1007
f 1416/1416/1005 1418/1418/1007 1417/1417/1006
f 1415/1415/1004 1419/1419/1008 1420/1420/1009
f 1415/1415/1004 1420/1420/1009 1418/1418/1007
f 1414/1414/1003 1421/1421/1010 1419/1419/1008
f 1414/1414/1003 1419/1419/1008 1415/1415/1004
f 1418/1418/1007 1420/1420/1009 1379/1379/968
f 1418/1418/1007 1379/1379/968 1377/1377/966
f 1419/1419/1008 1422/1422/1011 1423/1423/1012
f 1419/1419/1008 1423/1423/1012 1420/1420/1009
f 1421/1421/1010 1424/1424/1013 1422/1422/1011
f 1421/1421/1010 1422/1422/1011 1419/1419/1008
f 1420/1420/1009 1423/1423/1012 1380/1380/969
f 1420/1420/1009 1380/1380/969 1379/1379/968
f 1424/1424/1013 1425/1425/1014 1426/1426/1015
f 1424/1424/1013 1426/1426/1015 1422/1422/1011
f 1423/1423/1012 1427/1427/1016 1381/1381/970
f 1423/1423/1012 1381/1381/970 1380/1380/969
f 1422/1422/1011 1426/1426/1015 1427/1427/1016
f 1422/1422/1011 1427/1427/1016 1423/1423/1012
f 1428/1428/1017 1429/1429/1018 1430/1430/1019
f 1428/1428/1017 1430/1430/1019 1431/1431/1020
f 1432/1432/1021 1433/1433/1022 1429/1429/1018
f 1432/1432/1021 1429/1429/1018 1428/1428/1017
f 1431/1431/1020 1430/1430/1019 1383/1383/972
f 1431/1431/1020 1383/1383/972 1382/1382/971
f 1429/1429/1018 1434/1434/1023 1435/1435/1024
f 1429/1429/1018 1435/1435/1024 1430/1430/1019
f 1433/1433/1022 1436/1436/1025 1434/1434/1023
f 1433/1433/1022 1434/1434/1023 1429/1429/1018
f 1430/1430/1019 1435/1435/1024 1384/1384/973
f 1430/1430/1019 1384/1384/973 1383/1383/972
f 1436/1436/1025 1437/1437/1026 1438/1438/1027
f 1436/1436/1025 1438/1438/1027 1434/1434/1023
f 1435/1435/1024 1439/1439/1028 1385/1385/974
f 1435/1435/1024 1385/1385/974 1384/1384/973
f 1434/1434/1023 1438/1438/1027 1439/1439/1028
f 1434/1434/1023 1439/1439/1028 1435/1435/1024
f 1439/1439/1028 1417/1417/1006 1376/1376/965
f 1439/1439/1028 1376/1376/965 1385/1385/974
f 1438/1438/1027 1416/1416/1005 1417/1417/1006
f 1438/1438/1027 1417/1417/1006 1439/1439/1028
f 1437/1437/1026 1413/1413/1002 1416/1416/1005
f 1437/1437/1026 1416/1416/1005 1438/1438/1027
o hand_low.002_kirito_s1_txtr_0
v -0.031811 0.363990 0.236905
v -0.028014 0.362245 0.237956
v -0.048644 0.424854 0.416526
v -0.052441 0.426599 0.415476
v -0.038728 0.377866 0.231241
v -0.038546 0.373810 0.232684
v -0.059176 0.436419 0.411255
v -0.059358 0.440475 0.409812
v -0.023833 0.361511 0.238696
v -0.044463 0.424120 0.417267
v -0.019553 0.361838 0.239076
v -0.015466 0.363203 0.239069
v -0.036096 0.425812 0.417640
v -0.040183 0.424447 0.417647
v -0.034966 0.366627 0.235616
v -0.055596 0.429236 0.414187
v -0.011850 0.365514 0.238677
v -0.032480 0.428124 0.417248
v -0.008952 0.368614 0.237925
v -0.006970 0.372290 0.236865
v -0.027600 0.434899 0.415436
v -0.029583 0.431223 0.416496
v -0.006038 0.376292 0.235569
v -0.026668 0.438901 0.414140
v -0.006219 0.380348 0.234126
v -0.007502 0.384182 0.232634
v -0.028133 0.446791 0.411205
v -0.026849 0.442958 0.412697
v -0.009800 0.387531 0.231194
v -0.030430 0.450140 0.409765
v -0.012954 0.390168 0.229905
v -0.016752 0.391913 0.228855
v -0.037382 0.454522 0.407426
v -0.033585 0.452777 0.408476
v -0.020933 0.392647 0.228114
v -0.041563 0.455256 0.406685
v -0.025212 0.392320 0.227734
v -0.029299 0.390955 0.227741
v -0.049930 0.453564 0.406312
v -0.045843 0.454930 0.406305
v -0.009800 0.387531 0.231194
v -0.030430 0.450140 0.409765
v -0.035813 0.385545 0.228885
v -0.037795 0.381869 0.229945
v -0.058425 0.444478 0.408516
v -0.056443 0.448154 0.407456
v -0.032915 0.388644 0.228134
v -0.053545 0.451253 0.406705
v -0.037263 0.369977 0.234176
v -0.057893 0.432586 0.412747
vn -0.5712 -0.7930 0.2120
vn -0.3411 -0.8987 0.2757
vn -0.9902 0.0477 -0.1311
vn -0.9792 -0.1981 -0.0437
vn -0.0878 -0.9432 0.3205
vn 0.1714 -0.9234 0.3435
vn 0.4190 -0.8406 0.3431
vn -0.7623 -0.6332 0.1339
vn 0.6381 -0.7006 0.3194
vn 0.8136 -0.5129 0.2738
vn 0.9337 -0.2901 0.2096
vn 0.9337 -0.2902 0.2096
vn 0.9902 -0.0477 0.1311
vn 0.9792 0.1981 0.0437
vn 0.9015 0.4303 -0.0467
vn 0.7623 0.6332 -0.1339
vn 0.5712 0.7930 -0.2120
vn 0.3411 0.8987 -0.2757
vn 0.0878 0.9432 -0.3205
vn -0.1714 0.9234 -0.3435
vn -0.4190 0.8406 -0.3431
vn 0.7623 0.6332 -0.1340
vn -0.8136 0.5129 -0.2738
vn -0.9337 0.2901 -0.2096
vn -0.9337 0.2902 -0.2096
vn -0.6381 0.7006 -0.3194
vn -0.9015 -0.4303 0.0467
vt 0.310160 0.816922
vt 0.306049 0.816922
vt 0.306043 0.998532
vt 0.310154 0.998532
vt 0.326605 0.816923
vt 0.322493 0.816922
vt 0.322486 0.998533
vt 0.326596 0.998533
vt 0.301937 0.816922
vt 0.301932 0.998532
vt 0.297826 0.816922
vt 0.293715 0.816921
vt 0.293711 0.998532
vt 0.297822 0.998532
vt 0.314271 0.816922
vt 0.314264 0.998532
vt 0.289604 0.816921
vt 0.289600 0.998532
vt 0.285492 0.816921
vt 0.281381 0.816921
vt 0.281379 0.998532
vt 0.285490 0.998532
vt 0.277270 0.816921
vt 0.277268 0.998532
vt 0.273159 0.816921
vt 0.269048 0.816921
vt 0.269047 0.998532
vt 0.273158 0.998532
vt 0.264936 0.816921
vt 0.264936 0.998532
vt 0.359494 0.816925
vt 0.355383 0.816924
vt 0.355371 0.998535
vt 0.359482 0.998535
vt 0.351272 0.816924
vt 0.351260 0.998534
vt 0.347161 0.816924
vt 0.343049 0.816923
vt 0.343039 0.998534
vt 0.347150 0.998534
vt 0.363605 0.816925
vt 0.363592 0.998535
vt 0.334827 0.816923
vt 0.330716 0.816923
vt 0.330707 0.998533
vt 0.334818 0.998533
vt 0.338938 0.816923
vt 0.338928 0.998534
vt 0.318382 0.816922
vt 0.318375 0.998533
s 1
usemtl kirito_s1_txtr
f 1440/1440/1029 1441/1441/1030 1442/1442/1030
f 1440/1440/1029 1442/1442/1030 1443/1443/1029
f 1444/1444/1031 1445/1445/1032 1446/1446/1032
f 1444/1444/1031 1446/1446/1032 1447/1447/1031
f 1441/1441/1030 1448/1448/1033 1449/1449/1033
f 1441/1441/1030 1449/1449/1033 1442/1442/1030
f 1450/1450/1034 1451/1451/1035 1452/1452/1035
f 1450/1450/1034 1452/1452/1035 1453/1453/1034
f 1454/1454/1036 1440/1440/1029 1443/1443/1029
f 1454/1454/1036 1443/1443/1029 1455/1455/1036
f 1451/1451/1035 1456/1456/1037 1457/1457/1037
f 1451/1451/1035 1457/1457/1037 1452/1452/1035
f 1458/1458/1038 1459/1459/1039 1460/1460/1040
f 1458/1458/1038 1460/1460/1040 1461/1461/1038
f 1448/1448/1033 1450/1450/1034 1453/1453/1034
f 1448/1448/1033 1453/1453/1034 1449/1449/1033
f 1459/1459/1039 1462/1462/1041 1463/1463/1041
f 1459/1459/1039 1463/1463/1041 1460/1460/1040
f 1464/1464/1042 1465/1465/1043 1466/1466/1043
f 1464/1464/1042 1466/1466/1043 1467/1467/1042
f 1456/1456/1037 1458/1458/1038 1461/1461/1038
f 1456/1456/1037 1461/1461/1038 1457/1457/1037
f 1465/1465/1043 1468/1468/1044 1469/1469/1044
f 1465/1465/1043 1469/1469/1044 1466/1466/1043
f 1470/1470/1045 1471/1471/1046 1472/1472/1046
f 1470/1470/1045 1472/1472/1046 1473/1473/1045
f 1462/1462/1041 1464/1464/1042 1467/1467/1042
f 1462/1462/1041 1467/1467/1042 1463/1463/1041
f 1471/1471/1046 1474/1474/1047 1475/1475/1047
f 1471/1471/1046 1475/1475/1047 1472/1472/1046
f 1476/1476/1048 1477/1477/1049 1478/1478/1049
f 1476/1476/1048 1478/1478/1049 1479/1479/1048
f 1480/1480/1044 1470/1470/1045 1473/1473/1045
f 1480/1480/1044 1473/1473/1045 1481/1481/1050
f 1482/1482/1051 1483/1483/1052 1484/1484/1053
f 1482/1482/1051 1484/1484/1053 1485/1485/1051
f 1477/1477/1049 1486/1486/1054 1487/1487/1054
f 1477/1477/1049 1487/1487/1054 1478/1478/1049
f 1483/1483/1052 1444/1444/1031 1447/1447/1031
f 1483/1483/1052 1447/1447/1031 1484/1484/1053
f 1474/1474/1047 1476/1476/1048 1479/1479/1048
f 1474/1474/1047 1479/1479/1048 1475/1475/1047
f 1445/1445/1032 1488/1488/1055 1489/1489/1055
f 1445/1445/1032 1489/1489/1055 1446/1446/1032
f 1486/1486/1054 1482/1482/1051 1485/1485/1051
f 1486/1486/1054 1485/1485/1051 1487/1487/1054
f 1488/1488/1055 1454/1454/1036 1455/1455/1036
f 1488/1488/1055 1455/1455/1036 1489/1489/1055
o apple_low.002_kirito_s1_txtr_0
v -0.054111 0.449846 0.396831
v -0.049942 0.452511 0.396378
v -0.041965 0.436510 0.402910
v -0.036933 0.449362 0.464533
v -0.035206 0.452564 0.463610
v -0.048630 0.456735 0.460597
v -0.045229 0.454086 0.396370
v -0.040293 0.454463 0.396809
v -0.059589 0.447632 0.462522
v -0.056841 0.445335 0.463645
v -0.047367 0.470294 0.455989
v -0.051094 0.470010 0.455658
v -0.034394 0.456050 0.462482
v -0.053534 0.443815 0.464560
v -0.054654 0.468820 0.455663
v -0.057803 0.466808 0.456005
v -0.060327 0.464108 0.456660
v -0.034552 0.459583 0.461225
v -0.049893 0.443176 0.465205
v -0.062054 0.460907 0.457583
v -0.035670 0.462921 0.459925
v -0.046165 0.443461 0.465536
v -0.062866 0.457420 0.458712
v -0.037671 0.465838 0.458671
v -0.042606 0.444650 0.465530
v -0.062707 0.453888 0.459969
v -0.040418 0.468135 0.457548
v -0.039457 0.446663 0.465188
v -0.061590 0.450549 0.461268
v -0.043725 0.469655 0.456633
v -0.060815 0.437417 0.400414
v -0.059740 0.442033 0.398920
v -0.033989 0.420508 0.409442
v -0.038702 0.418933 0.409450
v -0.023116 0.435602 0.405406
v -0.024191 0.430986 0.406900
v -0.024805 0.444700 0.402021
v -0.023326 0.440280 0.403742
v -0.057453 0.446272 0.397698
v -0.056476 0.424456 0.405460
v -0.059125 0.428319 0.403799
v -0.027454 0.448563 0.400360
v -0.043637 0.418556 0.409012
v -0.048459 0.419403 0.408158
v -0.052838 0.421415 0.406946
v -0.026477 0.426747 0.408122
v -0.060605 0.432739 0.402078
v -0.031093 0.451604 0.398874
v -0.035472 0.453616 0.397662
v -0.029819 0.423173 0.408989
v -0.064070 0.454243 0.433364
v -0.061740 0.458564 0.432118
v -0.060195 0.456769 0.429566
v -0.062348 0.452777 0.430716
v -0.064953 0.444770 0.436583
v -0.065166 0.449538 0.434887
v -0.063361 0.448430 0.432123
v -0.063163 0.444026 0.433690
v -0.063444 0.440264 0.438337
v -0.061770 0.439863 0.435311
v -0.060744 0.436327 0.440030
v -0.059275 0.436226 0.436874
v -0.057036 0.433228 0.441545
v -0.055850 0.433363 0.438274
v -0.052572 0.431176 0.442780
v -0.051726 0.431468 0.439415
v -0.047658 0.430313 0.443650
v -0.047186 0.430671 0.440219
v -0.042627 0.430698 0.444096
v -0.042539 0.431026 0.440631
v -0.037823 0.432303 0.444089
v -0.038101 0.432509 0.440624
v -0.033573 0.435019 0.443627
v -0.034175 0.435018 0.440198
v -0.030167 0.438662 0.442743
v -0.031028 0.438384 0.439381
v -0.027837 0.442983 0.441498
v -0.028875 0.442375 0.438230
v -0.026741 0.447688 0.439975
v -0.027863 0.446722 0.436824
v -0.026954 0.452456 0.438278
v -0.028060 0.451126 0.435256
v -0.028463 0.456962 0.436524
v -0.029454 0.455289 0.433636
v -0.031163 0.460899 0.434832
v -0.031948 0.458926 0.432073
v -0.034871 0.463998 0.433317
v -0.031163 0.460899 0.434832
v -0.031948 0.458926 0.432073
v -0.035374 0.461789 0.430673
v -0.039335 0.466049 0.432082
v -0.039497 0.463684 0.429532
v -0.044249 0.466912 0.431212
v -0.044037 0.464481 0.428728
v -0.049280 0.466528 0.430765
v -0.048685 0.464126 0.428316
v -0.054084 0.464923 0.430773
v -0.053123 0.462644 0.428323
v -0.046813 0.459192 0.408742
v -0.041687 0.459584 0.409197
v -0.040308 0.455398 0.397257
v -0.045434 0.455006 0.396802
v -0.054784 0.454353 0.414306
v -0.051052 0.456739 0.413901
v -0.051709 0.457557 0.408750
v -0.056040 0.454788 0.409220
v -0.058334 0.462207 0.431234
v -0.057049 0.460134 0.428749
v -0.061501 0.469413 0.447280
v -0.065249 0.465405 0.448252
v -0.065106 0.465887 0.450438
v -0.061440 0.469808 0.449487
v -0.064456 0.465896 0.452222
v -0.060968 0.469626 0.451317
v -0.063463 0.465592 0.453759
v -0.060218 0.469062 0.452918
v -0.067813 0.460651 0.449623
v -0.067614 0.461237 0.451779
v -0.066842 0.461471 0.453498
v -0.065683 0.461475 0.454946
v -0.069018 0.455474 0.451299
v -0.068793 0.456173 0.453418
v -0.067964 0.456653 0.455057
v -0.066727 0.456993 0.456397
v -0.068784 0.450228 0.453165
v -0.068564 0.451042 0.455243
v -0.067745 0.451771 0.456794
v -0.066524 0.452452 0.458013
v -0.067124 0.445270 0.455095
v -0.066940 0.446193 0.457131
v -0.066201 0.447157 0.458590
v -0.065087 0.448159 0.459684
v -0.064153 0.440939 0.456957
v -0.064034 0.441956 0.458952
v -0.063436 0.443126 0.460323
v -0.062514 0.444409 0.461296
v -0.060073 0.437528 0.458624
v -0.060044 0.438620 0.460583
v -0.059639 0.439952 0.461875
v -0.058982 0.441456 0.462740
v -0.055162 0.435271 0.459983
v -0.055240 0.436413 0.461912
v -0.055068 0.437852 0.463139
v -0.054730 0.439502 0.463916
v -0.049754 0.434322 0.460940
v -0.049951 0.435484 0.462849
v -0.050036 0.436968 0.464030
v -0.050048 0.438680 0.464745
v -0.044219 0.434744 0.461432
v -0.044537 0.435898 0.463329
v -0.044885 0.437362 0.464488
v -0.045256 0.439046 0.465170
v -0.038933 0.436510 0.461423
v -0.039367 0.437625 0.463321
v -0.039966 0.439005 0.464480
v -0.040679 0.440575 0.465163
v -0.034257 0.439499 0.460915
v -0.034793 0.440549 0.462824
v -0.035614 0.441787 0.464007
v -0.036631 0.443163 0.464723
v -0.030509 0.443508 0.459943
v -0.031127 0.444469 0.461873
v -0.032126 0.445517 0.463102
v -0.033386 0.446633 0.463881
v -0.027945 0.448262 0.458572
v -0.028619 0.449119 0.460532
v -0.029740 0.449942 0.461827
v -0.031166 0.450749 0.462695
v -0.026739 0.453439 0.456897
v -0.027440 0.454183 0.458893
v -0.028618 0.454759 0.460267
v -0.030122 0.455231 0.461244
v -0.026974 0.458685 0.455030
v -0.027670 0.459314 0.457068
v -0.028836 0.459641 0.458530
v -0.030326 0.459773 0.459628
v -0.028634 0.463643 0.453100
v -0.029293 0.464163 0.455180
v -0.030381 0.464255 0.456734
v -0.031762 0.464066 0.457957
v -0.031605 0.467974 0.451238
v -0.032199 0.468400 0.453359
v -0.033146 0.468286 0.455001
v -0.034335 0.467816 0.456345
v -0.031605 0.467974 0.451238
v -0.035685 0.471385 0.449571
v -0.036190 0.471736 0.451728
v -0.032199 0.468400 0.453359
v -0.036943 0.471460 0.453450
v -0.033146 0.468286 0.455001
v -0.037867 0.470769 0.454901
v -0.034335 0.467816 0.456345
v -0.040596 0.473642 0.448212
v -0.040994 0.473943 0.450399
v -0.041513 0.473561 0.452185
v -0.042119 0.472723 0.453725
v -0.046004 0.474591 0.447255
v -0.046283 0.474872 0.449463
v -0.046546 0.474444 0.451294
v -0.046801 0.473545 0.452896
v -0.051539 0.474169 0.446763
v -0.051697 0.474458 0.448982
v -0.051697 0.474051 0.450837
v -0.051593 0.473179 0.452471
v -0.056825 0.472403 0.446772
v -0.056867 0.472731 0.448990
v -0.056616 0.472407 0.450845
v -0.056170 0.471650 0.452478
v -0.035670 0.462921 0.459925
v -0.034552 0.459583 0.461225
v -0.049724 0.427099 0.424447
v -0.053645 0.428900 0.423362
v -0.054717 0.425257 0.419727
v -0.050169 0.423167 0.420985
v -0.028548 0.449746 0.418953
v -0.027223 0.445789 0.420493
v -0.024063 0.444852 0.416398
v -0.025600 0.449444 0.414611
v -0.040989 0.426678 0.425603
v -0.045408 0.426341 0.425211
v -0.045161 0.422288 0.421872
v -0.040034 0.422679 0.422327
v -0.059823 0.447358 0.416177
v -0.057776 0.451153 0.415083
v -0.059511 0.451076 0.410121
v -0.061886 0.446673 0.411390
v -0.060786 0.443226 0.417514
v -0.063002 0.441878 0.412942
v -0.030920 0.453204 0.417466
v -0.028352 0.453456 0.412886
v -0.036770 0.428088 0.425597
v -0.035139 0.424315 0.422319
v -0.060598 0.439038 0.419004
v -0.062785 0.437020 0.414671
v -0.034177 0.455927 0.416135
v -0.030920 0.453204 0.417466
v -0.028352 0.453456 0.412886
v -0.032130 0.456614 0.411342
v -0.033037 0.430474 0.425191
v -0.030808 0.427083 0.421849
v -0.059273 0.435081 0.420545
v -0.061248 0.432428 0.416458
v -0.038097 0.457728 0.415051
v -0.036679 0.458705 0.410084
v -0.030045 0.433674 0.424415
v -0.027337 0.430796 0.420948
v -0.056902 0.431623 0.422031
v -0.058496 0.428416 0.418183
v -0.042414 0.458486 0.414286
v -0.041687 0.459584 0.409197
v -0.027998 0.437469 0.423321
v -0.024962 0.435199 0.419679
v -0.046832 0.458149 0.413894
v -0.046813 0.459192 0.408742
v -0.027036 0.441601 0.421983
v -0.023845 0.439993 0.418127
v -0.030808 0.427083 0.421849
v -0.035139 0.424315 0.422319
v -0.033759 0.420129 0.410380
v -0.029428 0.422897 0.409909
v -0.055925 0.458153 0.425783
v -0.058868 0.455005 0.426547
v -0.055126 0.456388 0.421984
v -0.057976 0.453340 0.422723
v -0.054775 0.455108 0.417929
v -0.057656 0.452027 0.418676
v -0.060882 0.451271 0.427624
v -0.059926 0.449725 0.423766
v -0.059626 0.448373 0.419730
v -0.061829 0.447206 0.428940
v -0.060843 0.445789 0.425040
v -0.060553 0.444395 0.421018
v -0.061644 0.443086 0.430405
v -0.060664 0.441799 0.426459
v -0.060372 0.440363 0.422452
v -0.060341 0.439192 0.431921
v -0.059402 0.438029 0.427927
v -0.059097 0.436552 0.423936
v -0.058008 0.435790 0.433384
v -0.057143 0.434735 0.429343
v -0.056813 0.433223 0.425367
v -0.054803 0.433111 0.434693
v -0.054040 0.432142 0.430610
v -0.053678 0.430602 0.426648
v -0.050946 0.431339 0.435760
v -0.050306 0.430426 0.431644
v -0.049903 0.428867 0.427692
v -0.046699 0.430593 0.436512
v -0.046194 0.429704 0.432372
v -0.045747 0.428138 0.428428
v -0.042352 0.430925 0.436898
v -0.041985 0.430025 0.432745
v -0.041493 0.428463 0.428806
v -0.038201 0.432312 0.436891
v -0.037965 0.431368 0.432739
v -0.037430 0.429820 0.428799
v -0.034528 0.434660 0.436492
v -0.034409 0.433641 0.432353
v -0.033837 0.432117 0.428409
v -0.031585 0.437808 0.435729
v -0.031559 0.436689 0.431613
v -0.030956 0.435198 0.427662
v -0.029571 0.441542 0.434652
v -0.029610 0.440305 0.430571
v -0.028985 0.438852 0.426608
v -0.028624 0.445607 0.433336
v -0.028693 0.444241 0.429297
v -0.028059 0.442830 0.425320
v -0.028809 0.449727 0.431870
v -0.028871 0.448230 0.427877
v -0.028239 0.446862 0.423886
v -0.030112 0.453621 0.430355
v -0.030133 0.452000 0.426410
v -0.029515 0.450673 0.422402
v -0.032445 0.457023 0.428892
v -0.032393 0.455294 0.424994
v -0.031798 0.454002 0.420971
v -0.032445 0.457023 0.428892
v -0.035650 0.459702 0.427583
v -0.032393 0.455294 0.424994
v -0.035495 0.457888 0.423726
v -0.031798 0.454002 0.420971
v -0.034934 0.456623 0.419690
v -0.039507 0.461474 0.426516
v -0.039230 0.459604 0.422693
v -0.038709 0.458358 0.418646
v -0.043754 0.462220 0.425764
v -0.043342 0.460326 0.421965
v -0.042865 0.459087 0.417910
v -0.048101 0.461888 0.425378
v -0.047551 0.460004 0.421591
v -0.047119 0.458763 0.417532
v -0.052252 0.460501 0.425385
v -0.051570 0.458661 0.421598
v -0.051181 0.457405 0.417539
v -0.050456 0.470876 0.437423
v -0.049859 0.469059 0.432268
v -0.055138 0.467295 0.432277
v -0.055738 0.469111 0.437432
v -0.063551 0.460306 0.433755
v -0.059808 0.464309 0.432784
v -0.068413 0.453665 0.446142
v -0.068178 0.448422 0.448007
v -0.066112 0.455558 0.435124
v -0.066520 0.443466 0.449937
v -0.067316 0.450387 0.436798
v -0.063550 0.439136 0.451798
v -0.067082 0.445148 0.438662
v -0.059471 0.435727 0.453464
v -0.065424 0.440196 0.440589
v -0.054563 0.433471 0.454822
v -0.062457 0.435870 0.442449
v -0.049158 0.432522 0.455779
v -0.058382 0.432464 0.444114
v -0.043625 0.432945 0.456270
v -0.053477 0.430210 0.445471
v -0.038341 0.434710 0.456262
v -0.048076 0.429261 0.446428
v -0.033667 0.437698 0.455754
v -0.042548 0.429684 0.446918
v -0.029921 0.441704 0.454782
v -0.037269 0.431447 0.446910
v -0.027358 0.446457 0.453412
v -0.032598 0.434433 0.446403
v -0.026153 0.451631 0.451737
v -0.028855 0.438436 0.445431
v -0.026388 0.456874 0.449872
v -0.026294 0.443185 0.444062
v -0.028047 0.461830 0.447943
v -0.025090 0.448355 0.442389
v -0.031016 0.466160 0.446081
v -0.025325 0.453594 0.440525
v -0.031016 0.466160 0.446081
v -0.035095 0.469569 0.444415
v -0.026982 0.458546 0.438597
v -0.040004 0.471825 0.443057
v -0.029950 0.462872 0.436737
v -0.045409 0.472774 0.442100
v -0.034025 0.466278 0.435072
v -0.029950 0.462872 0.436737
v -0.050941 0.472351 0.441609
v -0.038930 0.468533 0.433715
v -0.059573 0.465343 0.439006
v -0.063069 0.461605 0.439913
v -0.063417 0.462647 0.442873
v -0.059920 0.466387 0.441966
v -0.044330 0.469481 0.432759
v -0.056225 0.470586 0.441617
v -0.049859 0.469059 0.432268
v -0.064645 0.463592 0.443097
v -0.067208 0.458840 0.444467
v -0.055138 0.467295 0.432277
v -0.061248 0.432428 0.416458
v -0.062785 0.437020 0.414671
v -0.061405 0.432834 0.402731
v -0.059868 0.428242 0.404519
v -0.036679 0.458705 0.410084
v -0.032130 0.456614 0.411342
v -0.030751 0.452428 0.399403
v -0.035300 0.454518 0.398144
v -0.027337 0.430796 0.420948
v -0.025957 0.426609 0.409009
v -0.058496 0.428416 0.418183
v -0.057117 0.424230 0.406243
v -0.024962 0.435199 0.419679
v -0.023583 0.431013 0.407739
v -0.054717 0.425257 0.419727
v -0.053338 0.421071 0.407787
v -0.056040 0.454788 0.409220
v -0.051709 0.457557 0.408750
v -0.050330 0.453371 0.396810
v -0.054660 0.450602 0.397281
v -0.023845 0.439993 0.418127
v -0.022466 0.435807 0.406187
v -0.050169 0.423167 0.420985
v -0.048789 0.418981 0.409046
v -0.059511 0.451076 0.410121
v -0.058132 0.446890 0.398181
v -0.024063 0.444852 0.416398
v -0.022683 0.440666 0.404459
v -0.045161 0.422288 0.421872
v -0.043781 0.418102 0.409933
v -0.061886 0.446673 0.411390
v -0.060506 0.442487 0.399451
v -0.025600 0.449444 0.414611
v -0.024221 0.445257 0.402671
v -0.040034 0.422679 0.422327
v -0.038655 0.418493 0.410388
v -0.063002 0.441878 0.412942
v -0.061623 0.437692 0.401003
v -0.028352 0.453456 0.412886
v -0.026972 0.449269 0.400947
v -0.028352 0.453456 0.412886
v -0.026972 0.449269 0.400947
v -0.060899 0.467598 0.442125
v -0.030751 0.452428 0.399403
v -0.031093 0.451604 0.398874
v -0.035472 0.453616 0.397662
v -0.035300 0.454518 0.398144
v -0.022683 0.440666 0.404459
v -0.023326 0.440280 0.403742
v -0.024805 0.444700 0.402021
v -0.024221 0.445257 0.402671
v -0.025957 0.426609 0.409009
v -0.026477 0.426747 0.408122
v -0.024191 0.430986 0.406900
v -0.023583 0.431013 0.407739
v -0.038655 0.418493 0.410388
v -0.038702 0.418933 0.409450
v -0.033989 0.420508 0.409442
v -0.033759 0.420129 0.410380
v -0.053338 0.421071 0.407787
v -0.052838 0.421415 0.406946
v -0.048459 0.419403 0.408158
v -0.048789 0.418981 0.409046
v -0.061405 0.432834 0.402731
v -0.060605 0.432739 0.402078
v -0.059125 0.428319 0.403799
v -0.059868 0.428242 0.404519
v -0.058132 0.446890 0.398181
v -0.057453 0.446272 0.397698
v -0.059740 0.442033 0.398920
v -0.060506 0.442487 0.399451
v -0.040308 0.455398 0.397257
v -0.040293 0.454463 0.396809
v -0.045229 0.454086 0.396370
v -0.045434 0.455006 0.396802
v -0.026972 0.449269 0.400947
v -0.027454 0.448563 0.400360
v -0.022466 0.435807 0.406187
v -0.023116 0.435602 0.405406
v -0.029428 0.422897 0.409909
v -0.029819 0.423173 0.408989
v -0.043781 0.418102 0.409933
v -0.043637 0.418556 0.409012
v -0.057117 0.424230 0.406243
v -0.056476 0.424456 0.405460
v -0.061623 0.437692 0.401003
v -0.060815 0.437417 0.400414
v -0.054660 0.450602 0.397281
v -0.054111 0.449846 0.396831
v -0.050330 0.453371 0.396810
v -0.049942 0.452511 0.396378
v -0.027454 0.448563 0.400360
v -0.026972 0.449269 0.400947
v -0.034394 0.456050 0.462482
v -0.035206 0.452564 0.463610
v -0.036933 0.449362 0.464533
v -0.057803 0.466808 0.456005
v -0.054654 0.468820 0.455663
v -0.039457 0.446663 0.465188
v -0.042606 0.444650 0.465530
v -0.046165 0.443461 0.465536
v -0.049893 0.443176 0.465205
v -0.053534 0.443815 0.464560
v -0.056841 0.445335 0.463645
v -0.059589 0.447632 0.462522
v -0.061590 0.450549 0.461268
v -0.062707 0.453888 0.459969
v -0.051094 0.470010 0.455658
v -0.062866 0.457420 0.458712
v -0.047367 0.470294 0.455989
v -0.062054 0.460907 0.457583
v -0.043725 0.469655 0.456633
v -0.060327 0.464108 0.456660
v -0.040418 0.468135 0.457548
v -0.037671 0.465838 0.458671
v -0.037671 0.465838 0.458671
v -0.059808 0.464309 0.432784
v -0.060410 0.466125 0.437939
v -0.044925 0.471298 0.437914
v -0.044330 0.469481 0.432759
v -0.039522 0.470349 0.438871
v -0.038930 0.468533 0.433715
v -0.034615 0.468094 0.440228
v -0.034025 0.466278 0.435072
v -0.030538 0.464687 0.441894
v -0.029950 0.462872 0.436737
v -0.027570 0.460358 0.443755
v -0.026982 0.458546 0.438597
v -0.029950 0.462872 0.436737
v -0.030538 0.464687 0.441894
v -0.025911 0.455404 0.445683
v -0.025325 0.453594 0.440525
v -0.025677 0.450163 0.447548
v -0.025090 0.448355 0.442389
v -0.026881 0.444990 0.449222
v -0.026294 0.443185 0.444062
v -0.029443 0.440240 0.450592
v -0.028855 0.438436 0.445431
v -0.033188 0.436235 0.451564
v -0.032598 0.434433 0.446403
v -0.037861 0.433248 0.452071
v -0.037269 0.431447 0.446910
v -0.043142 0.431483 0.452079
v -0.042548 0.429684 0.446918
v -0.048673 0.431061 0.451589
v -0.048076 0.429261 0.446428
v -0.054076 0.432010 0.450632
v -0.053477 0.430210 0.445471
v -0.058983 0.434265 0.449274
v -0.058382 0.432464 0.444114
v -0.063060 0.437673 0.447608
v -0.062457 0.435870 0.442449
v -0.066029 0.442001 0.445748
v -0.065424 0.440196 0.440589
v -0.067687 0.446955 0.443819
v -0.067082 0.445148 0.438662
v -0.067922 0.452196 0.441954
v -0.067316 0.450387 0.436798
v -0.066717 0.457369 0.440280
v -0.066112 0.455558 0.435124
v -0.064155 0.462119 0.438911
v -0.063551 0.460306 0.433755
v -0.064645 0.463592 0.443097
v -0.060899 0.467598 0.442125
v -0.059920 0.466387 0.441966
v -0.063417 0.462647 0.442873
v -0.064155 0.462119 0.438911
v -0.066717 0.457369 0.440280
v -0.065460 0.457171 0.441191
v -0.063069 0.461605 0.439913
v -0.063060 0.437673 0.447608
v -0.058983 0.434265 0.449274
v -0.058242 0.435607 0.449585
v -0.062047 0.438788 0.448031
v -0.025677 0.450163 0.447548
v -0.025911 0.455404 0.445683
v -0.027375 0.455338 0.446234
v -0.027156 0.450445 0.447974
v -0.068413 0.453665 0.446142
v -0.067208 0.458840 0.444467
v -0.065809 0.458212 0.444152
v -0.066934 0.453383 0.445716
v -0.033667 0.437698 0.455754
v -0.038341 0.434710 0.456262
v -0.038867 0.435691 0.455161
v -0.034504 0.438480 0.454687
v -0.045409 0.472774 0.442100
v -0.040004 0.471825 0.443057
v -0.040418 0.470331 0.442836
v -0.045463 0.471217 0.441943
v -0.060410 0.466125 0.437939
v -0.059573 0.465343 0.439006
v -0.067922 0.452196 0.441954
v -0.066584 0.452343 0.442754
v -0.037861 0.433248 0.452071
v -0.033188 0.436235 0.451564
v -0.034167 0.437446 0.451722
v -0.038527 0.434658 0.452196
v -0.039522 0.470349 0.438871
v -0.044925 0.471298 0.437914
v -0.045121 0.470172 0.438983
v -0.040078 0.469286 0.439876
v -0.054563 0.433471 0.454822
v -0.059471 0.435727 0.453464
v -0.058588 0.436641 0.452550
v -0.054006 0.434535 0.453817
v -0.028047 0.461830 0.447943
v -0.026388 0.456874 0.449872
v -0.027710 0.456378 0.449197
v -0.029258 0.461003 0.447396
v -0.054076 0.432010 0.450632
v -0.053662 0.433503 0.450852
v -0.027570 0.460358 0.443755
v -0.028923 0.459961 0.444434
v -0.068178 0.448422 0.448007
v -0.066714 0.448489 0.447457
v -0.029921 0.441704 0.454782
v -0.031008 0.442219 0.453780
v -0.050941 0.472351 0.441609
v -0.050627 0.470823 0.441485
v -0.067687 0.446955 0.443819
v -0.066365 0.447451 0.444494
v -0.029443 0.440240 0.450592
v -0.030671 0.441184 0.450815
v -0.050456 0.470876 0.437423
v -0.050283 0.469777 0.438524
v -0.049158 0.432522 0.455779
v -0.048962 0.433649 0.454710
v -0.031016 0.466160 0.446081
v -0.032030 0.465044 0.445659
v -0.048673 0.431061 0.451589
v -0.048619 0.432617 0.451746
v -0.055213 0.468130 0.438532
v -0.055558 0.469175 0.441493
v -0.050283 0.469777 0.438524
v -0.050627 0.470823 0.441485
v -0.045121 0.470172 0.438983
v -0.045463 0.471217 0.441943
v -0.040078 0.469286 0.439876
v -0.040418 0.470331 0.442836
v -0.035498 0.467181 0.441143
v -0.035837 0.468226 0.444104
v -0.031693 0.464001 0.442697
v -0.032030 0.465044 0.445659
v -0.028923 0.459961 0.444434
v -0.031693 0.464001 0.442697
v -0.032030 0.465044 0.445659
v -0.029258 0.461003 0.447396
v -0.027375 0.455338 0.446234
v -0.027710 0.456378 0.449197
v -0.027156 0.450445 0.447974
v -0.027491 0.451484 0.450938
v -0.028280 0.445618 0.449537
v -0.028616 0.446655 0.452501
v -0.030671 0.441184 0.450815
v -0.031008 0.442219 0.453780
v -0.034167 0.437446 0.451722
v -0.034504 0.438480 0.454687
v -0.038527 0.434658 0.452196
v -0.038867 0.435691 0.455161
v -0.043457 0.433011 0.452204
v -0.043798 0.434044 0.455169
v -0.048619 0.432617 0.451746
v -0.048962 0.433649 0.454710
v -0.053662 0.433503 0.450852
v -0.054006 0.434535 0.453817
v -0.058242 0.435607 0.449585
v -0.058588 0.436641 0.452550
v -0.062047 0.438788 0.448031
v -0.062394 0.439822 0.450994
v -0.064817 0.442828 0.446294
v -0.065166 0.443863 0.449257
v -0.066365 0.447451 0.444494
v -0.066714 0.448489 0.447457
v -0.066584 0.452343 0.442754
v -0.066934 0.453383 0.445716
v -0.065460 0.457171 0.441191
v -0.065809 0.458212 0.444152
v -0.026153 0.451631 0.451737
v -0.027491 0.451484 0.450938
v -0.063550 0.439136 0.451798
v -0.062394 0.439822 0.450994
v -0.034615 0.468094 0.440228
v -0.035498 0.467181 0.441143
v -0.043142 0.431483 0.452079
v -0.043457 0.433011 0.452204
v -0.035095 0.469569 0.444415
v -0.035837 0.468226 0.444104
v -0.043625 0.432945 0.456270
v -0.043798 0.434044 0.455169
v -0.055738 0.469111 0.437432
v -0.055213 0.468130 0.438532
v -0.026881 0.444990 0.449222
v -0.028280 0.445618 0.449537
v -0.066029 0.442001 0.445748
v -0.064817 0.442828 0.446294
v -0.056225 0.470586 0.441617
v -0.055558 0.469175 0.441493
v -0.027358 0.446457 0.453412
v -0.028616 0.446655 0.452501
v -0.066520 0.443466 0.449937
v -0.065166 0.443863 0.449257
v -0.030538 0.464687 0.441894
v -0.031693 0.464001 0.442697
v -0.031016 0.466160 0.446081
v -0.032030 0.465044 0.445659
v -0.030538 0.464687 0.441894
v -0.031693 0.464001 0.442697
vn 0.1084 -0.3289 -0.9381
vn 0.0827 0.2014 0.9760
vn 0.1104 0.2529 0.9612
vn -0.1084 0.3289 0.9381
vn -0.2817 0.1736 0.9437
vn -0.2375 0.1367 0.9617
vn -0.0852 0.5381 0.8386
vn -0.1451 0.5335 0.8333
vn 0.1235 0.3090 0.9430
vn -0.1843 0.1122 0.9764
vn -0.2023 0.5144 0.8334
vn -0.2530 0.4820 0.8389
vn -0.2936 0.4386 0.8494
vn 0.1209 0.3658 0.9228
vn -0.1257 0.1019 0.9868
vn -0.3213 0.3871 0.8642
vn 0.1030 0.4195 0.9019
vn -0.0658 0.1065 0.9921
vn -0.3344 0.3310 0.8824
vn 0.0708 0.4664 0.8817
vn -0.0085 0.1257 0.9920
vn -0.3318 0.2742 0.9026
vn 0.0266 0.5033 0.8637
vn 0.0421 0.1580 0.9865
vn -0.3139 0.2205 0.9235
vn -0.0266 0.5278 0.8490
vn -0.7263 0.0658 -0.6842
vn -0.6254 0.2531 -0.7382
vn -0.7160 0.3550 -0.6011
vn -0.8276 0.1481 -0.5415
vn -0.7646 -0.3446 -0.5447
vn -0.7738 -0.1380 -0.6182
vn -0.8801 -0.0773 -0.4685
vn -0.8698 -0.3056 -0.3873
vn -0.6992 -0.5399 -0.4687
vn -0.7976 -0.5214 -0.3033
vn -0.5822 -0.7104 -0.3954
vn -0.6683 -0.7099 -0.2222
vn -0.4215 -0.8448 -0.3297
vn -0.4907 -0.8584 -0.1497
vn -0.2281 -0.9336 -0.2762
vn -0.2769 -0.9566 -0.0905
vn -0.0152 -0.9710 -0.2385
vn -0.0416 -0.9979 -0.0489
vn 0.2028 -0.9544 -0.2191
vn 0.1994 -0.9795 -0.0275
vn 0.4110 -0.8848 -0.2195
vn 0.4294 -0.9027 -0.0278
vn 0.5951 -0.7671 -0.2395
vn 0.6330 -0.7726 -0.0499
vn 0.7427 -0.6093 -0.2778
vn 0.7961 -0.5981 -0.0923
vn 0.8437 -0.4220 -0.3317
vn 0.9077 -0.3912 -0.1519
vn 0.8912 -0.2182 -0.3977
vn 0.9602 -0.1658 -0.2249
vn 0.8819 -0.0116 -0.4712
vn 0.9499 0.0625 -0.3061
vn 0.8166 0.1837 -0.5472
vn 0.8777 0.2783 -0.3901
vn 0.6996 0.3542 -0.6206
vn 0.7484 0.4668 -0.4711
vn 0.5389 0.4886 -0.6862
vn 0.6996 0.3543 -0.6206
vn 0.7484 0.4668 -0.4712
vn 0.5708 0.6153 -0.5437
vn 0.3455 0.5774 -0.7397
vn 0.3570 0.7135 -0.6029
vn 0.1325 0.6148 -0.7774
vn 0.1217 0.7548 -0.6445
vn -0.0854 0.5982 -0.7968
vn -0.1192 0.7364 -0.6659
vn -0.2936 0.5286 -0.7965
vn -0.3493 0.6596 -0.6656
vn -0.1714 0.9234 -0.3435
vn 0.0878 0.9432 -0.3205
vn -0.6348 0.7719 0.0362
vn -0.4301 0.9027 0.0140
vn -0.4144 0.8892 0.1940
vn -0.6016 0.7695 0.2143
vn -0.4778 0.4109 -0.7765
vn -0.5529 0.5295 -0.6435
vn -0.6458 0.7308 -0.2210
vn -0.8205 0.5440 -0.1757
vn -0.7956 0.5984 0.0947
vn -0.6326 0.7727 0.0524
vn -0.6942 0.6045 0.3907
vn -0.5594 0.7487 0.3557
vn -0.5429 0.5587 0.6269
vn -0.4452 0.6632 0.6016
vn -0.9399 0.3225 -0.1118
vn -0.9071 0.3917 0.1543
vn -0.7864 0.4335 0.4400
vn -0.6098 0.4348 0.6627
vn -0.9961 0.0813 -0.0338
vn -0.9595 0.1666 0.2272
vn -0.8298 0.2473 0.5003
vn -0.6412 0.2998 0.7064
vn -0.9852 -0.1631 0.0532
vn -0.9493 -0.0615 0.3083
vn -0.8213 0.0586 0.5674
vn -0.6351 0.1630 0.7550
vn -0.9078 -0.3941 0.1431
vn -0.8771 -0.2771 0.3922
vn -0.7617 -0.1197 0.6368
vn -0.5918 0.0337 0.8053
vn -0.7694 -0.5959 0.2299
vn -0.7479 -0.4655 0.4732
vn -0.6548 -0.2755 0.7038
vn -0.5144 -0.0792 0.8539
vn -0.5793 -0.7549 0.3076
vn -0.5705 -0.6138 0.5457
vn -0.5080 -0.3982 0.7638
vn -0.4080 -0.1682 0.8974
vn -0.3505 -0.8600 0.3709
vn -0.3570 -0.7119 0.6048
vn -0.3314 -0.4794 0.8126
vn -0.2799 -0.2270 0.9328
vn -0.0985 -0.9042 0.4155
vn -0.1218 -0.7532 0.6464
vn -0.1369 -0.5135 0.8471
vn -0.1389 -0.2518 0.9578
vn 0.1594 -0.8846 0.4384
vn 0.1188 -0.7348 0.6678
vn 0.0622 -0.4983 0.8648
vn 0.0054 -0.2407 0.9706
vn 0.4056 -0.8023 0.4380
vn 0.3487 -0.6580 0.6674
vn 0.2523 -0.4348 0.8645
vn 0.1432 -0.1947 0.9704
vn 0.6235 -0.6630 0.4143
vn 0.5520 -0.5281 0.6453
vn 0.4205 -0.3273 0.8462
vn 0.2651 -0.1167 0.9571
vn 0.7981 -0.4762 0.3690
vn 0.7150 -0.3538 0.6030
vn 0.5553 -0.1831 0.8112
vn 0.3629 -0.0122 0.9318
vn 0.9176 -0.2547 0.3051
vn 0.8265 -0.1470 0.5434
vn 0.6476 -0.0121 0.7619
vn 0.4297 0.1117 0.8960
vn 0.9738 -0.0135 0.2271
vn 0.8789 0.0781 0.4706
vn 0.6909 0.1741 0.7016
vn 0.4612 0.2467 0.8523
vn 0.9628 0.2309 0.1401
vn 0.8687 0.3062 0.3894
vn 0.6825 0.3628 0.6345
vn 0.4550 0.3835 0.8037
vn 0.8855 0.4619 0.0502
vn 0.7965 0.5218 0.3055
vn 0.6228 0.5411 0.5651
vn 0.4118 0.5128 0.7533
vn 0.7471 0.6637 -0.0366
vn 0.6674 0.7101 0.2245
vn 0.5159 0.6969 0.4981
vn 0.3343 0.6257 0.7048
vn 0.7470 0.6638 -0.0366
vn 0.5570 0.8226 -0.1143
vn 0.4899 0.8584 0.1520
vn 0.6673 0.7101 0.2245
vn 0.3692 0.8196 0.4381
vn 0.2279 0.7146 0.6613
vn 0.3282 0.9278 -0.1776
vn 0.2764 0.9565 0.0930
vn 0.1925 0.9008 0.3893
vn 0.0999 0.7735 0.6259
vn 0.0762 0.9720 -0.2222
vn 0.0412 0.9978 0.0513
vn -0.0020 0.9349 0.3548
vn -0.0411 0.7982 0.6009
vn -0.1817 0.9523 -0.2451
vn -0.1994 0.9795 0.0300
vn -0.2011 0.9197 0.3372
vn -0.1855 0.7872 0.5881
vn -0.4280 0.8700 -0.2447
vn -0.4293 0.9027 0.0303
vn -0.3912 0.8562 0.3375
vn -0.3233 0.7412 0.5883
vn 0.1031 0.4195 0.9019
vn 0.1210 0.3658 0.9228
vn -0.3574 -0.7223 0.5921
vn -0.5723 -0.6235 0.5327
vn -0.5444 -0.5068 0.6684
vn -0.3478 -0.5971 0.7228
vn 0.8035 0.5193 0.2910
vn 0.8762 0.3024 0.3754
vn 0.7805 0.3401 0.5246
vn 0.7141 0.5385 0.4473
vn 0.1215 -0.7453 0.6556
vn -0.1207 -0.7638 0.6341
vn -0.1314 -0.6351 0.7612
vn 0.0902 -0.6182 0.7808
vn -0.9110 0.3884 0.1388
vn -0.7988 0.5964 0.0788
vn -0.7516 0.6091 0.2533
vn -0.8542 0.4188 0.3081
vn -0.9637 0.1618 0.2121
vn -0.9025 0.2116 0.3752
vn 0.6735 0.7089 0.2095
vn 0.5952 0.7119 0.3728
vn 0.3528 -0.6680 0.6552
vn 0.3018 -0.5475 0.7805
vn -0.9535 -0.0677 0.2938
vn -0.8931 0.0016 0.4499
vn 0.4950 0.8581 0.1365
vn 0.5951 0.7120 0.3728
vn 0.4318 0.8485 0.3061
vn 0.5575 -0.5372 0.6330
vn 0.4890 -0.4279 0.7602
vn -0.8808 -0.2847 0.3782
vn -0.8266 -0.1969 0.5272
vn 0.2800 0.9569 0.0771
vn 0.2352 0.9388 0.2517
vn 0.7215 -0.3618 0.5904
vn 0.6390 -0.2674 0.7212
vn -0.7508 -0.4742 0.4597
vn -0.7077 -0.3703 0.6017
vn 0.0434 0.9984 0.0352
vn 0.0188 0.9768 0.2133
vn 0.8337 -0.1538 0.5304
vn 0.7416 -0.0771 0.6664
vn -0.1988 0.9799 0.0137
vn -0.2028 0.9599 0.1937
vn 0.8864 0.0728 0.4571
vn 0.7899 0.1301 0.5993
vn 0.6381 -0.7006 0.3194
vn 0.4190 -0.8406 0.3431
vn -0.5986 0.6111 -0.5178
vn -0.7699 0.4280 -0.4734
vn -0.6329 0.6860 -0.3590
vn -0.8083 0.4984 -0.3134
vn -0.6460 0.7317 -0.2173
vn -0.8206 0.5451 -0.1720
vn -0.8871 0.2107 -0.4108
vn -0.9283 0.2759 -0.2493
vn -0.9400 0.3236 -0.1082
vn -0.9422 -0.0258 -0.3342
vn -0.9847 0.0336 -0.1709
vn -0.9961 0.0825 -0.0301
vn -0.9314 -0.2655 -0.2489
vn -0.9737 -0.2119 -0.0835
vn -0.9852 -0.1618 0.0568
vn -0.8556 -0.4921 -0.1607
vn -0.8961 -0.4439 0.0068
vn -0.9079 -0.3927 0.1467
vn -0.7198 -0.6900 -0.0756
vn -0.7570 -0.6466 0.0939
vn -0.7695 -0.5944 0.2334
vn -0.5334 -0.8459 0.0006
vn -0.5661 -0.8062 0.1720
vn -0.5795 -0.7533 0.3110
vn -0.3090 -0.9490 0.0626
vn -0.3362 -0.9119 0.2355
vn -0.3508 -0.8584 0.3743
vn -0.0619 -0.9924 0.1064
vn -0.0832 -0.9563 0.2804
vn -0.0989 -0.9026 0.4189
vn 0.1911 -0.9731 0.1288
vn 0.1759 -0.9365 0.3034
vn 0.1589 -0.8829 0.4418
vn 0.4326 -0.8924 0.1285
vn 0.4233 -0.8539 0.3030
vn 0.4051 -0.8007 0.4414
vn 0.6463 -0.7558 0.1053
vn 0.6421 -0.7140 0.2792
vn 0.6228 -0.6615 0.4177
vn 0.8176 -0.5726 0.0608
vn 0.8175 -0.5264 0.2337
vn 0.7974 -0.4748 0.3725
vn 0.9347 -0.3554 -0.0018
vn 0.9375 -0.3039 0.1695
vn 0.9168 -0.2534 0.3086
vn 0.9898 -0.1188 -0.0784
vn 0.9939 -0.0616 0.0911
vn 0.9730 -0.0123 0.2306
vn 0.9791 0.1209 -0.1637
vn 0.9829 0.1839 0.0038
vn 0.9620 0.2321 0.1436
vn 0.9032 0.3474 -0.2519
vn 0.9053 0.4159 -0.0866
vn 0.8847 0.4630 0.0538
vn 0.7675 0.5454 -0.3369
vn 0.7662 0.6186 -0.1737
vn 0.7464 0.6647 -0.0330
vn 0.7675 0.5454 -0.3370
vn 0.5810 0.7012 -0.4131
vn 0.7662 0.6187 -0.1737
vn 0.5753 0.7783 -0.2517
vn 0.7463 0.6647 -0.0330
vn 0.5563 0.8236 -0.1106
vn 0.3566 0.8044 -0.4752
vn 0.3454 0.8839 -0.3153
vn 0.3276 0.9287 -0.1739
vn 0.1095 0.8477 -0.5190
vn 0.0924 0.9283 -0.3601
vn 0.0758 0.9729 -0.2185
vn -0.1434 0.8284 -0.5414
vn -0.1667 0.9085 -0.3831
vn -0.1820 0.9532 -0.2414
vn -0.3849 0.7477 -0.5410
vn -0.4140 0.8259 -0.3827
vn -0.4282 0.8710 -0.2410
vn -0.1713 0.9228 -0.3452
vn -0.1712 0.9228 -0.3452
vn -0.4188 0.8401 -0.3448
vn -0.4189 0.8401 -0.3448
vn -0.5559 0.1837 -0.8107
vn -0.4210 0.3280 -0.8457
vn -0.9900 0.0471 -0.1327
vn -0.9790 -0.1986 -0.0453
vn -0.6482 0.0125 -0.7613
vn -0.9013 -0.4309 0.0451
vn -0.6916 -0.1738 -0.7010
vn -0.7621 -0.6338 0.1323
vn -0.6832 -0.3627 -0.6338
vn -0.5710 -0.7935 0.2104
vn -0.6234 -0.5411 -0.5644
vn -0.3410 -0.8992 0.2741
vn -0.5165 -0.6971 -0.4973
vn -0.0877 -0.9437 0.3189
vn -0.3696 -0.8198 -0.4373
vn 0.1716 -0.9239 0.3419
vn -0.1928 -0.9011 -0.3884
vn 0.4192 -0.8412 0.3415
vn 0.0018 -0.9353 -0.3539
vn 0.6383 -0.7012 0.3177
vn 0.2011 -0.9200 -0.3363
vn 0.8138 -0.5134 0.2722
vn 0.3914 -0.8565 -0.3366
vn 0.9339 -0.2907 0.2080
vn 0.5597 -0.7489 -0.3548
vn 0.9904 -0.0482 0.1295
vn 0.6946 -0.6046 -0.3898
vn 0.9794 0.1975 0.0421
vn 0.7869 -0.4334 -0.4392
vn 0.9017 0.4297 -0.0483
vn 0.8303 -0.2471 -0.4995
vn 0.7625 0.6326 -0.1355
vn 0.8219 -0.0583 -0.5667
vn 0.7625 0.6327 -0.1356
vn 0.5714 0.7924 -0.2136
vn 0.7621 0.1202 -0.6362
vn 0.3413 0.8981 -0.2773
vn 0.6552 0.2761 -0.7032
vn 0.0880 0.9426 -0.3221
vn 0.5083 0.3989 -0.7632
vn 0.6552 0.2762 -0.7032
vn 0.3315 0.4802 -0.8121
vn -0.6378 0.6999 -0.3215
vn -0.8134 0.5121 -0.2759
vn 0.1369 0.5143 -0.8466
vn -0.0624 0.4991 -0.8643
vn -0.8134 0.5123 -0.2754
vn -0.9336 0.2896 -0.2112
vn -0.2527 0.4356 -0.8640
vn -0.9015 -0.4303 0.0467
vn -0.9792 -0.1981 -0.0437
vn 0.3411 0.8987 -0.2757
vn 0.5712 0.7930 -0.2120
vn 0.8136 -0.5129 0.2738
vn -0.7623 -0.6332 0.1339
vn 0.9337 -0.2901 0.2096
vn 0.9337 -0.2902 0.2096
vn -0.5712 -0.7930 0.2120
vn -0.6381 0.7006 -0.3194
vn -0.4190 0.8406 -0.3431
vn 0.9902 -0.0477 0.1311
vn -0.3411 -0.8987 0.2757
vn -0.8136 0.5129 -0.2738
vn 0.9792 0.1981 0.0437
vn -0.0878 -0.9432 0.3205
vn -0.9337 0.2901 -0.2096
vn -0.9337 0.2902 -0.2096
vn 0.9015 0.4303 -0.0467
vn 0.1714 -0.9234 0.3435
vn -0.9902 0.0477 -0.1311
vn 0.7623 0.6332 -0.1339
vn 0.7623 0.6332 -0.1340
vn -0.6379 0.7001 -0.3210
vn 0.4791 0.3247 -0.8155
vn 0.3172 0.3992 -0.8603
vn 0.7664 -0.0941 -0.6354
vn 0.7117 0.0694 -0.6991
vn 0.6498 -0.5947 -0.4734
vn 0.7344 -0.4379 -0.5186
vn 0.1977 -0.8837 -0.4243
vn 0.3720 -0.8254 -0.4246
vn -0.3252 -0.7919 -0.5169
vn -0.1632 -0.8663 -0.4721
vn -0.6125 -0.3730 -0.6970
vn -0.5577 -0.5365 -0.6333
vn -0.4959 0.1275 -0.8590
vn -0.5805 -0.0293 -0.8138
vn 0.1388 0.4305 -0.8919
vn -0.0437 0.4165 -0.9081
vn 0.6137 0.2122 -0.7605
vn 0.7741 -0.2671 -0.5739
vn 0.5262 -0.7269 -0.4413
vn 0.0151 -0.8976 -0.4405
vn -0.4597 -0.6794 -0.5719
vn -0.6202 -0.2000 -0.7585
vn -0.3723 0.2597 -0.8910
vn -0.2181 0.3583 -0.9078
vn 0.1236 0.3090 0.9430
vn 0.1105 0.2529 0.9612
vn -0.2530 0.4820 0.8388
vn -0.2024 0.5144 0.8333
vn -0.0085 0.1256 0.9920
vn -0.0658 0.1064 0.9921
vn -0.1843 0.1121 0.9764
vn -0.2375 0.1366 0.9617
vn -0.2817 0.1735 0.9437
vn -0.3319 0.2742 0.9026
vn -0.1451 0.5336 0.8332
vn -0.3345 0.3310 0.8824
vn -0.0851 0.5381 0.8385
vn -0.3214 0.3871 0.8642
vn -0.0265 0.5279 0.8489
vn 0.0267 0.5034 0.8636
vn 0.0709 0.4665 0.8817
vn 0.0709 0.4664 0.8817
vn -0.6379 0.7000 -0.3210
vn -0.3409 -0.8992 0.2741
vn -0.2410 -0.0849 -0.9668
vn -0.1677 -0.0066 -0.9858
vn -0.4381 0.5129 0.7382
vn -0.4882 0.4200 0.7650
vn -0.4166 0.0346 0.9084
vn -0.3369 -0.0321 0.9410
vn 0.3148 0.2790 0.9072
vn 0.3102 0.3816 0.8707
vn -0.3147 -0.2790 -0.9073
vn -0.2911 -0.1779 -0.9400
vn 0.3647 -0.5912 -0.7193
vn 0.2733 -0.6497 -0.7094
vn 0.1351 0.0946 -0.9863
vn 0.2408 0.0760 -0.9676
vn -0.3648 0.5913 0.7192
vn -0.5118 0.3188 0.7978
vn 0.0764 -0.0519 0.9957
vn 0.1678 0.0065 0.9858
vn 0.0439 0.6740 0.7374
vn -0.0618 0.6925 0.7187
vn -0.0438 -0.6739 -0.7375
vn -0.1398 -0.6298 -0.7641
vn 0.4746 -0.1194 -0.8721
vn 0.5071 -0.2163 -0.8343
vn -0.2409 -0.0762 0.9676
vn 0.2778 0.4785 0.8330
vn -0.3101 -0.3816 -0.8708
vn 0.4380 -0.5129 -0.7383
vn 0.0270 0.0863 -0.9959
vn -0.5072 0.2162 0.8343
vn 0.2411 0.0848 0.9668
vn -0.1700 0.6843 0.7091
vn 0.0618 -0.6924 -0.7188
vn 0.4166 -0.0347 -0.9084
vn -0.1352 -0.0947 0.9863
vn -0.4188 0.8399 -0.3453
vn -0.1712 0.9226 -0.3457
vn 0.0881 0.9424 -0.3227
vn 0.3414 0.8979 -0.2778
vn 0.5714 0.7922 -0.2142
vn 0.7625 0.6325 -0.1360
vn 0.7625 0.6325 -0.1361
vn 0.9017 0.4295 -0.0488
vn 0.7626 0.6324 -0.1361
vn 0.9795 0.1973 0.0416
vn 0.9905 -0.0484 0.1290
vn 0.9340 -0.2909 0.2075
vn 0.8139 -0.5136 0.2717
vn 0.6383 -0.7014 0.3172
vn 0.4193 -0.8414 0.3410
vn 0.1717 -0.9241 0.3414
vn -0.0876 -0.9439 0.3184
vn -0.3409 -0.8994 0.2735
vn -0.5709 -0.7937 0.2099
vn -0.7621 -0.6340 0.1318
vn -0.9012 -0.4310 0.0446
vn -0.9790 -0.1988 -0.0458
vn -0.9900 0.0469 -0.1332
vn -0.9335 0.2894 -0.2117
vn 0.5117 -0.3188 -0.7979
vn -0.2196 -0.5631 -0.7967
vn 0.1399 0.6299 0.7640
vn -0.0269 -0.0865 0.9959
vn 0.3368 0.0319 -0.9410
vn 0.1700 -0.6842 -0.7092
vn -0.2734 0.6497 0.7093
vn 0.2912 0.1778 0.9400
vn -0.4747 0.1193 0.8720
vn -0.0763 0.0518 -0.9957
vn 0.4881 -0.4200 -0.7651
vn -0.2776 -0.4785 -0.8331
vn 0.2197 0.5632 0.7966
vn 0.4165 -0.0347 -0.9085
vt 0.130535 0.936360
vt 0.130535 0.941101
vt 0.148540 0.938730
vt 0.147699 0.030713
vt 0.148626 0.027255
vt 0.135027 0.025464
vt 0.131762 0.945680
vt 0.134132 0.949786
vt 0.126677 0.036346
vt 0.129778 0.038136
vt 0.133237 0.011866
vt 0.129778 0.012792
vt 0.148626 0.023674
vt 0.133237 0.039063
vt 0.126677 0.014583
vt 0.124145 0.017115
vt 0.122355 0.020216
vt 0.147699 0.020216
vt 0.136817 0.039063
vt 0.121428 0.023674
vt 0.145909 0.017115
vt 0.140276 0.038136
vt 0.121428 0.027255
vt 0.143377 0.014583
vt 0.143377 0.036346
vt 0.122355 0.030713
vt 0.140276 0.012792
vt 0.145909 0.033814
vt 0.124145 0.033814
vt 0.136817 0.011866
vt 0.137484 0.924322
vt 0.134132 0.927675
vt 0.166546 0.936360
vt 0.165319 0.931780
vt 0.159596 0.953138
vt 0.162948 0.949786
vt 0.150911 0.956736
vt 0.155490 0.955509
vt 0.131762 0.931780
vt 0.150911 0.920725
vt 0.146170 0.920725
vt 0.146170 0.956736
vt 0.162948 0.927675
vt 0.159596 0.924322
vt 0.155490 0.921952
vt 0.165319 0.945680
vt 0.141590 0.921952
vt 0.141590 0.955509
vt 0.137484 0.953138
vt 0.166546 0.941101
vt 0.192449 0.427755
vt 0.192784 0.432438
vt 0.196102 0.432153
vt 0.195781 0.427527
vt 0.192024 0.418347
vt 0.192195 0.423056
vt 0.195537 0.422886
vt 0.195372 0.418238
vt 0.191936 0.413632
vt 0.195292 0.413593
vt 0.191940 0.408940
vt 0.195252 0.408955
vt 0.192007 0.404268
vt 0.195326 0.404326
vt 0.192153 0.399597
vt 0.195471 0.399710
vt 0.192382 0.394929
vt 0.195696 0.395105
vt 0.192700 0.390266
vt 0.196012 0.390519
vt 0.193119 0.385639
vt 0.196374 0.385949
vt 0.193620 0.381051
vt 0.196871 0.381423
vt 0.194225 0.376483
vt 0.197452 0.376931
vt 0.194957 0.371948
vt 0.198155 0.372498
vt 0.195850 0.367453
vt 0.198996 0.368132
vt 0.196961 0.363026
vt 0.200022 0.363875
vt 0.198369 0.358729
vt 0.201277 0.359799
vt 0.200167 0.354701
vt 0.202800 0.356025
vt 0.196934 0.459524
vt 0.198247 0.463498
vt 0.200895 0.462539
vt 0.199835 0.458729
vt 0.195890 0.455270
vt 0.198945 0.454611
vt 0.195031 0.450854
vt 0.198189 0.450298
vt 0.194311 0.446331
vt 0.197539 0.445857
vt 0.193706 0.441737
vt 0.196976 0.441330
vt 0.181410 0.638098
vt 0.181410 0.643022
vt 0.193553 0.643022
vt 0.193553 0.638098
vt 0.212937 0.435290
vt 0.213301 0.439694
vt 0.218176 0.439233
vt 0.217803 0.434847
vt 0.193201 0.437100
vt 0.196504 0.436753
vt 0.215145 0.294669
vt 0.212206 0.299256
vt 0.214088 0.300323
vt 0.216906 0.295978
vt 0.215658 0.301222
vt 0.218375 0.297079
vt 0.217208 0.302115
vt 0.219825 0.298172
vt 0.209887 0.304100
vt 0.211858 0.304915
vt 0.213503 0.305604
vt 0.215127 0.306289
vt 0.208207 0.309119
vt 0.210234 0.309678
vt 0.211927 0.310152
vt 0.213599 0.310624
vt 0.207174 0.314234
vt 0.209225 0.314534
vt 0.210938 0.314792
vt 0.212632 0.315050
vt 0.206786 0.319363
vt 0.208828 0.319407
vt 0.210536 0.319451
vt 0.212223 0.319498
vt 0.207030 0.324429
vt 0.209034 0.324223
vt 0.210709 0.324057
vt 0.212366 0.323898
vt 0.207886 0.329356
vt 0.209823 0.328909
vt 0.211442 0.328542
vt 0.213042 0.328183
vt 0.209327 0.334075
vt 0.211171 0.333399
vt 0.212710 0.332840
vt 0.214232 0.332291
vt 0.211318 0.338529
vt 0.213053 0.337628
vt 0.214491 0.336888
vt 0.215911 0.336162
vt 0.213816 0.342664
vt 0.215387 0.341579
vt 0.216717 0.340669
vt 0.218038 0.339772
vt 0.216775 0.346408
vt 0.218198 0.345152
vt 0.219394 0.344105
vt 0.220579 0.343070
vt 0.220129 0.349724
vt 0.221374 0.348322
vt 0.222419 0.347153
vt 0.223455 0.345999
vt 0.223815 0.352566
vt 0.224864 0.351043
vt 0.225746 0.349772
vt 0.226620 0.348518
vt 0.227768 0.354905
vt 0.228613 0.353285
vt 0.229322 0.351932
vt 0.230025 0.350596
vt 0.231930 0.356724
vt 0.232564 0.355029
vt 0.233096 0.353611
vt 0.233619 0.352211
vt 0.236251 0.358024
vt 0.236678 0.356267
vt 0.237029 0.354795
vt 0.237366 0.353341
vt 0.240723 0.358832
vt 0.240955 0.357001
vt 0.241119 0.355467
vt 0.241252 0.353954
vt 0.245469 0.359210
vt 0.245537 0.357230
vt 0.245476 0.355573
vt 0.245337 0.353965
vt 0.243777 0.276212
vt 0.237832 0.278050
vt 0.238625 0.280322
vt 0.244441 0.278705
vt 0.239252 0.282250
vt 0.244859 0.280860
vt 0.239836 0.284164
vt 0.245155 0.282989
vt 0.232374 0.280354
vt 0.233384 0.282461
vt 0.234215 0.284233
vt 0.235025 0.285991
vt 0.227340 0.283198
vt 0.228569 0.285133
vt 0.229590 0.286757
vt 0.230595 0.288365
vt 0.222756 0.286572
vt 0.224189 0.288318
vt 0.225382 0.289785
vt 0.226558 0.291239
vt 0.218675 0.290417
vt 0.220286 0.291954
vt 0.221628 0.293245
vt 0.222953 0.294526
vt 0.241498 0.350114
vt 0.238210 0.349578
vt 0.211867 0.400197
vt 0.211781 0.404548
vt 0.216573 0.404540
vt 0.216642 0.400260
vt 0.214960 0.362808
vt 0.214562 0.366630
vt 0.218914 0.366958
vt 0.219167 0.362987
vt 0.212234 0.391554
vt 0.212019 0.395864
vt 0.216773 0.395996
vt 0.216962 0.391750
vt 0.212320 0.426480
vt 0.212606 0.430885
vt 0.217462 0.430482
vt 0.217167 0.426131
vt 0.212089 0.422078
vt 0.216928 0.421792
vt 0.215206 0.359223
vt 0.219212 0.359066
vt 0.212509 0.387270
vt 0.217205 0.387528
vt 0.211917 0.417682
vt 0.216747 0.417462
vt 0.214365 0.457047
vt 0.214201 0.461103
vt 0.218864 0.461775
vt 0.219212 0.457163
vt 0.212841 0.383021
vt 0.217497 0.383335
vt 0.211807 0.413293
vt 0.216626 0.413142
vt 0.214270 0.452801
vt 0.219161 0.452602
vt 0.213226 0.378817
vt 0.217832 0.379176
vt 0.211761 0.408914
vt 0.216568 0.408834
vt 0.214011 0.448466
vt 0.218907 0.448100
vt 0.213655 0.374669
vt 0.218196 0.375056
vt 0.213671 0.444089
vt 0.218557 0.443647
vt 0.214110 0.370598
vt 0.218569 0.370982
vt 0.181410 0.569157
vt 0.181410 0.574081
vt 0.193553 0.574081
vt 0.193553 0.569157
vt 0.200250 0.436397
vt 0.199887 0.431847
vt 0.204717 0.435999
vt 0.204372 0.431503
vt 0.209190 0.435611
vt 0.208854 0.431170
vt 0.199584 0.427279
vt 0.204081 0.426997
vt 0.208569 0.426721
vt 0.199349 0.422700
vt 0.203852 0.422484
vt 0.208340 0.422271
vt 0.199189 0.418117
vt 0.203688 0.417970
vt 0.208173 0.417822
vt 0.199109 0.413540
vt 0.203592 0.413461
vt 0.208070 0.413379
vt 0.199048 0.408966
vt 0.203556 0.408956
vt 0.208031 0.408944
vt 0.199118 0.404394
vt 0.203601 0.404463
vt 0.208062 0.404521
vt 0.199256 0.399840
vt 0.203721 0.399984
vt 0.208163 0.400113
vt 0.199471 0.395305
vt 0.203914 0.395524
vt 0.208333 0.395724
vt 0.199774 0.390797
vt 0.204180 0.391090
vt 0.208570 0.391359
vt 0.200116 0.386308
vt 0.204513 0.386687
vt 0.208871 0.387023
vt 0.200548 0.381849
vt 0.204907 0.382315
vt 0.209236 0.382724
vt 0.201121 0.377445
vt 0.205408 0.378000
vt 0.209667 0.378475
vt 0.201738 0.373100
vt 0.205963 0.373744
vt 0.210155 0.374289
vt 0.202514 0.368852
vt 0.206620 0.369594
vt 0.210693 0.370198
vt 0.203415 0.364742
vt 0.207351 0.365591
vt 0.211260 0.366238
vt 0.204466 0.360842
vt 0.208148 0.361801
vt 0.211819 0.362466
vt 0.205668 0.357257
vt 0.208985 0.358309
vt 0.212323 0.358960
vt 0.203842 0.461720
vt 0.203086 0.458004
vt 0.207353 0.461147
vt 0.206946 0.457415
vt 0.210989 0.460967
vt 0.210902 0.457113
vt 0.202401 0.453976
vt 0.206499 0.453400
vt 0.210668 0.453014
vt 0.201778 0.449739
vt 0.206034 0.449191
vt 0.210337 0.448764
vt 0.201219 0.445367
vt 0.205575 0.444859
vt 0.209957 0.444425
vt 0.200728 0.440908
vt 0.205142 0.440452
vt 0.209567 0.440033
vt 0.001541 0.368592
vt 0.006787 0.368573
vt 0.006769 0.363263
vt 0.001523 0.363279
vt 0.190134 0.432674
vt 0.190564 0.437386
vt 0.202847 0.307742
vt 0.201763 0.313538
vt 0.189789 0.427944
vt 0.201407 0.319340
vt 0.189528 0.423198
vt 0.201763 0.325060
vt 0.189353 0.418441
vt 0.202806 0.330615
vt 0.189270 0.413677
vt 0.204501 0.335929
vt 0.189281 0.408941
vt 0.206808 0.340937
vt 0.189355 0.404227
vt 0.209687 0.345576
vt 0.189502 0.399511
vt 0.213081 0.349769
vt 0.189734 0.394792
vt 0.216917 0.353465
vt 0.190064 0.390076
vt 0.221122 0.356618
vt 0.190498 0.385397
vt 0.225619 0.359197
vt 0.191015 0.380754
vt 0.230329 0.361183
vt 0.191631 0.376121
vt 0.235170 0.362585
vt 0.192376 0.371502
vt 0.240059 0.363463
vt 0.193288 0.366894
vt 0.244925 0.364013
vt 0.194438 0.362309
vt 0.241705 0.270077
vt 0.235536 0.272267
vt 0.195929 0.357787
vt 0.229599 0.274930
vt 0.197921 0.353436
vt 0.224021 0.278190
vt 0.194562 0.460245
vt 0.196046 0.464463
vt 0.218914 0.282049
vt 0.193416 0.455849
vt 0.004531 0.484480
vt 0.004515 0.479521
vt 0.001502 0.479530
vt 0.001518 0.484490
vt 0.192489 0.451334
vt 0.214369 0.286447
vt 0.191724 0.446736
vt 0.207204 0.296532
vt 0.204663 0.302042
vt 0.191088 0.442077
vt 0.181410 0.603628
vt 0.181410 0.608552
vt 0.193553 0.608552
vt 0.193553 0.603628
vt 0.181410 0.647947
vt 0.181410 0.652871
vt 0.193553 0.652871
vt 0.193553 0.647947
vt 0.181410 0.564233
vt 0.193553 0.564233
vt 0.181410 0.598703
vt 0.193553 0.598703
vt 0.181410 0.559308
vt 0.193553 0.559308
vt 0.181410 0.593779
vt 0.193553 0.593779
vt 0.181410 0.628249
vt 0.181410 0.633174
vt 0.193553 0.633174
vt 0.193553 0.628249
vt 0.181410 0.554384
vt 0.193553 0.554384
vt 0.181410 0.588854
vt 0.193553 0.588854
vt 0.181410 0.623325
vt 0.193553 0.623325
vt 0.181410 0.549460
vt 0.193553 0.549460
vt 0.181410 0.583930
vt 0.193553 0.583930
vt 0.181410 0.618401
vt 0.193553 0.618401
vt 0.181410 0.544535
vt 0.193553 0.544535
vt 0.181410 0.579006
vt 0.193553 0.579006
vt 0.181410 0.613476
vt 0.193553 0.613476
vt 0.181410 0.539611
vt 0.193553 0.539611
vt 0.181410 0.657796
vt 0.193553 0.657796
vt 0.210450 0.291304
vt 0.319699 0.811567
vt 0.319250 0.810685
vt 0.314844 0.812437
vt 0.315123 0.813387
vt 0.315123 0.762414
vt 0.314844 0.763363
vt 0.319250 0.765115
vt 0.319699 0.764234
vt 0.300520 0.762308
vt 0.300785 0.763261
vt 0.305450 0.762420
vt 0.305366 0.761434
vt 0.288067 0.769938
vt 0.288796 0.770607
vt 0.292312 0.767426
vt 0.291719 0.766634
vt 0.281530 0.782997
vt 0.282502 0.783180
vt 0.283806 0.778621
vt 0.282884 0.778262
vt 0.282884 0.797538
vt 0.283806 0.797179
vt 0.282502 0.792621
vt 0.281530 0.792803
vt 0.291719 0.809166
vt 0.292312 0.808374
vt 0.288796 0.805193
vt 0.288067 0.805862
vt 0.310290 0.814331
vt 0.310191 0.813346
vt 0.305450 0.813380
vt 0.305366 0.814366
vt 0.323860 0.808934
vt 0.323256 0.808150
vt 0.310290 0.761470
vt 0.310191 0.762454
vt 0.295918 0.764062
vt 0.296355 0.764950
vt 0.285088 0.773859
vt 0.285928 0.774382
vt 0.281074 0.787900
vt 0.282063 0.787900
vt 0.285088 0.801941
vt 0.285928 0.801418
vt 0.295918 0.811739
vt 0.296354 0.810851
vt 0.300519 0.813492
vt 0.300785 0.812539
vt 0.323256 0.767650
vt 0.323860 0.766867
vt 0.234985 0.348553
vt 0.231874 0.347093
vt 0.228927 0.345224
vt 0.223633 0.301056
vt 0.226429 0.297911
vt 0.226194 0.342969
vt 0.223723 0.340351
vt 0.221553 0.337393
vt 0.219616 0.334271
vt 0.218224 0.330865
vt 0.217251 0.327251
vt 0.216724 0.323487
vt 0.216664 0.319630
vt 0.217086 0.315739
vt 0.229643 0.295093
vt 0.217998 0.311875
vt 0.233248 0.292656
vt 0.219399 0.308098
vt 0.237059 0.290530
vt 0.221283 0.304472
vt 0.241184 0.289101
vt 0.245537 0.288338
vt 0.244784 0.350044
vt 0.006753 0.357952
vt 0.001508 0.357966
vt 0.001561 0.373904
vt 0.006807 0.373883
vt 0.001584 0.379217
vt 0.006830 0.379193
vt 0.001609 0.384530
vt 0.006855 0.384504
vt 0.001637 0.389842
vt 0.006882 0.389814
vt 0.001609 0.267650
vt 0.006855 0.267676
vt 0.006882 0.262366
vt 0.001637 0.262338
vt 0.001584 0.272963
vt 0.006830 0.272987
vt 0.001561 0.278276
vt 0.006807 0.278297
vt 0.001541 0.283588
vt 0.006787 0.283607
vt 0.001523 0.288901
vt 0.006769 0.288917
vt 0.001508 0.294214
vt 0.006753 0.294228
vt 0.001495 0.299526
vt 0.006740 0.299538
vt 0.001484 0.304839
vt 0.006730 0.304849
vt 0.001476 0.310152
vt 0.006721 0.310159
vt 0.001470 0.315465
vt 0.006715 0.315469
vt 0.001466 0.320777
vt 0.006712 0.320780
vt 0.001465 0.326090
vt 0.006711 0.326090
vt 0.001466 0.331403
vt 0.006712 0.331400
vt 0.001470 0.336715
vt 0.006715 0.336711
vt 0.001476 0.342028
vt 0.006721 0.342021
vt 0.001484 0.347341
vt 0.006730 0.347331
vt 0.001495 0.352654
vt 0.006740 0.352642
vt 0.131165 0.046029
vt 0.136297 0.047411
vt 0.136512 0.045932
vt 0.131722 0.044643
vt 0.295437 0.715802
vt 0.290777 0.718353
vt 0.291644 0.719568
vt 0.295994 0.717188
vt 0.281388 0.736584
vt 0.282018 0.741859
vt 0.283469 0.741508
vt 0.282881 0.736584
vt 0.315855 0.755447
vt 0.319958 0.752072
vt 0.318879 0.751040
vt 0.315050 0.754189
vt 0.122573 0.039900
vt 0.126503 0.043478
vt 0.127370 0.042262
vt 0.123702 0.038923
vt 0.136298 0.003071
vt 0.131166 0.004452
vt 0.131722 0.005838
vt 0.136512 0.004549
vt 0.151589 0.044108
vt 0.155694 0.040732
vt 0.154615 0.039699
vt 0.150784 0.042850
vt 0.300567 0.714421
vt 0.300782 0.715899
vt 0.286848 0.721929
vt 0.287977 0.722906
vt 0.295437 0.757366
vt 0.300568 0.758747
vt 0.300782 0.757269
vt 0.295994 0.755980
vt 0.319958 0.721095
vt 0.315854 0.717721
vt 0.315049 0.718979
vt 0.318879 0.722128
vt 0.119596 0.014983
vt 0.117741 0.019963
vt 0.119192 0.020315
vt 0.120924 0.015667
vt 0.158888 0.013999
vt 0.155694 0.009751
vt 0.154615 0.010784
vt 0.157596 0.014748
vt 0.283873 0.746838
vt 0.285200 0.746154
vt 0.323151 0.747826
vt 0.321860 0.747077
vt 0.119596 0.035498
vt 0.120924 0.034814
vt 0.141611 0.002938
vt 0.141471 0.004425
vt 0.146805 0.046422
vt 0.146319 0.045009
vt 0.283873 0.726330
vt 0.285200 0.727014
vt 0.305879 0.758880
vt 0.305739 0.757394
vt 0.311071 0.715408
vt 0.310585 0.716820
vt 0.122573 0.010581
vt 0.123703 0.011558
vt 0.160991 0.018880
vt 0.159559 0.019304
vt 0.286849 0.751239
vt 0.287978 0.750262
vt 0.004550 0.489438
vt 0.001537 0.489451
vt 0.004572 0.494396
vt 0.001559 0.494411
vt 0.004597 0.499355
vt 0.001584 0.499371
vt 0.004625 0.504313
vt 0.001612 0.504331
vt 0.004656 0.509272
vt 0.001643 0.509291
vt 0.004689 0.514230
vt 0.001676 0.514251
vt 0.004656 0.400186
vt 0.004689 0.395228
vt 0.001676 0.395206
vt 0.001643 0.400166
vt 0.004625 0.405144
vt 0.001612 0.405127
vt 0.004597 0.410103
vt 0.001584 0.410087
vt 0.004572 0.415061
vt 0.001559 0.415047
vt 0.004550 0.420020
vt 0.001537 0.420007
vt 0.004531 0.424978
vt 0.001518 0.424967
vt 0.004515 0.429936
vt 0.001502 0.429928
vt 0.004501 0.434895
vt 0.001488 0.434888
vt 0.004491 0.439853
vt 0.001478 0.439848
vt 0.004484 0.444812
vt 0.001471 0.444808
vt 0.004479 0.449770
vt 0.001466 0.449769
vt 0.004478 0.454729
vt 0.001465 0.454729
vt 0.004479 0.459687
vt 0.001466 0.459689
vt 0.004484 0.464646
vt 0.001471 0.464649
vt 0.004491 0.469604
vt 0.001478 0.469610
vt 0.004501 0.474563
vt 0.001488 0.474570
vt 0.151590 0.006375
vt 0.150784 0.007632
vt 0.117110 0.025241
vt 0.118604 0.025241
vt 0.323151 0.725341
vt 0.321860 0.726091
vt 0.290777 0.754815
vt 0.291644 0.753600
vt 0.158888 0.036484
vt 0.157596 0.035734
vt 0.126503 0.007003
vt 0.127371 0.008219
vt 0.305878 0.714287
vt 0.305739 0.715774
vt 0.311072 0.757759
vt 0.310586 0.756347
vt 0.282018 0.731309
vt 0.283469 0.731660
vt 0.141610 0.047544
vt 0.141470 0.046057
vt 0.146806 0.004060
vt 0.146319 0.005473
vt 0.117740 0.030518
vt 0.119192 0.030166
vt 0.325254 0.730220
vt 0.323823 0.730644
vt 0.160991 0.031603
vt 0.159559 0.031179
vt 0.325254 0.742948
vt 0.323823 0.742523
s 0
usemtl kirito_s1_txtr
f 1490/1490/1056 1491/1491/1056 1492/1492/1056
s 1
f 1493/1493/1057 1494/1494/1058 1495/1495/1059
s 0
f 1496/1496/1056 1497/1497/1056 1492/1492/1056
s 1
f 1498/1498/1060 1499/1499/1061 1495/1495/1059
f 1500/1500/1062 1501/1501/1063 1495/1495/1059
f 1494/1494/1058 1502/1502/1064 1495/1495/1059
f 1499/1499/1061 1503/1503/1065 1495/1495/1059
f 1501/1501/1063 1504/1504/1066 1495/1495/1059
f 1505/1505/1067 1506/1506/1068 1495/1495/1059
f 1502/1502/1064 1507/1507/1069 1495/1495/1059
f 1503/1503/1065 1508/1508/1070 1495/1495/1059
f 1504/1504/1066 1505/1505/1067 1495/1495/1059
f 1506/1506/1068 1509/1509/1071 1495/1495/1059
f 1507/1507/1069 1510/1510/1072 1495/1495/1059
f 1508/1508/1070 1511/1511/1073 1495/1495/1059
f 1509/1509/1071 1512/1512/1074 1495/1495/1059
f 1510/1510/1072 1513/1513/1075 1495/1495/1059
f 1511/1511/1073 1514/1514/1076 1495/1495/1059
f 1512/1512/1074 1515/1515/1077 1495/1495/1059
f 1513/1513/1075 1516/1516/1078 1495/1495/1059
f 1514/1514/1076 1517/1517/1079 1495/1495/1059
f 1515/1515/1077 1518/1518/1080 1495/1495/1059
f 1516/1516/1078 1519/1519/1081 1495/1495/1059
f 1517/1517/1079 1493/1493/1057 1495/1495/1059
f 1518/1518/1080 1498/1498/1060 1495/1495/1059
f 1519/1519/1081 1500/1500/1062 1495/1495/1059
s 0
f 1520/1520/1056 1521/1521/1056 1492/1492/1056
f 1522/1522/1056 1523/1523/1056 1492/1492/1056
f 1524/1524/1056 1525/1525/1056 1492/1492/1056
f 1526/1526/1056 1527/1527/1056 1492/1492/1056
f 1528/1528/1056 1490/1490/1056 1492/1492/1056
f 1491/1491/1056 1496/1496/1056 1492/1492/1056
f 1527/1527/1056 1524/1524/1056 1492/1492/1056
f 1529/1529/1056 1530/1530/1056 1492/1492/1056
f 1531/1531/1056 1526/1526/1056 1492/1492/1056
f 1523/1523/1056 1532/1532/1056 1492/1492/1056
f 1521/1521/1056 1528/1528/1056 1492/1492/1056
f 1533/1533/1056 1534/1534/1056 1492/1492/1056
f 1532/1532/1056 1533/1533/1056 1492/1492/1056
f 1525/1525/1056 1535/1535/1056 1492/1492/1056
f 1536/1536/1056 1520/1520/1056 1492/1492/1056
f 1537/1537/1056 1531/1531/1056 1492/1492/1056
f 1497/1497/1056 1538/1538/1056 1492/1492/1056
f 1538/1538/1056 1537/1537/1056 1492/1492/1056
f 1535/1535/1056 1539/1539/1056 1492/1492/1056
f 1539/1539/1056 1522/1522/1056 1492/1492/1056
f 1534/1534/1056 1529/1529/1056 1492/1492/1056
f 1530/1530/1056 1536/1536/1056 1492/1492/1056
s 1
f 1540/1540/1082 1541/1541/1083 1542/1542/1084
f 1540/1540/1082 1542/1542/1084 1543/1543/1085
f 1544/1544/1086 1545/1545/1087 1546/1546/1088
f 1544/1544/1086 1546/1546/1088 1547/1547/1089
f 1548/1548/1090 1544/1544/1086 1547/1547/1089
f 1548/1548/1090 1547/1547/1089 1549/1549/1091
f 1550/1550/1092 1548/1548/1090 1549/1549/1091
f 1550/1550/1092 1549/1549/1091 1551/1551/1093
f 1552/1552/1094 1550/1550/1092 1551/1551/1093
f 1552/1552/1094 1551/1551/1093 1553/1553/1095
f 1554/1554/1096 1552/1552/1094 1553/1553/1095
f 1554/1554/1096 1553/1553/1095 1555/1555/1097
f 1556/1556/1098 1554/1554/1096 1555/1555/1097
f 1556/1556/1098 1555/1555/1097 1557/1557/1099
f 1558/1558/1100 1556/1556/1098 1557/1557/1099
f 1558/1558/1100 1557/1557/1099 1559/1559/1101
f 1560/1560/1102 1558/1558/1100 1559/1559/1101
f 1560/1560/1102 1559/1559/1101 1561/1561/1103
f 1562/1562/1104 1560/1560/1102 1561/1561/1103
f 1562/1562/1104 1561/1561/1103 1563/1563/1105
f 1564/1564/1106 1562/1562/1104 1563/1563/1105
f 1564/1564/1106 1563/1563/1105 1565/1565/1107
f 1566/1566/1108 1564/1564/1106 1565/1565/1107
f 1566/1566/1108 1565/1565/1107 1567/1567/1109
f 1568/1568/1110 1566/1566/1108 1567/1567/1109
f 1568/1568/1110 1567/1567/1109 1569/1569/1111
f 1570/1570/1112 1568/1568/1110 1569/1569/1111
f 1570/1570/1112 1569/1569/1111 1571/1571/1113
f 1572/1572/1114 1570/1570/1112 1571/1571/1113
f 1572/1572/1114 1571/1571/1113 1573/1573/1115
f 1574/1574/1116 1572/1572/1114 1573/1573/1115
f 1574/1574/1116 1573/1573/1115 1575/1575/1117
f 1576/1576/1118 1577/1577/1119 1578/1578/1120
f 1576/1576/1118 1578/1578/1120 1579/1579/1121
f 1580/1580/1122 1576/1576/1118 1579/1579/1121
f 1580/1580/1122 1579/1579/1121 1581/1581/1123
f 1582/1582/1124 1580/1580/1122 1581/1581/1123
f 1582/1582/1124 1581/1581/1123 1583/1583/1125
f 1584/1584/1126 1582/1582/1124 1583/1583/1125
f 1584/1584/1126 1583/1583/1125 1585/1585/1127
f 1586/1586/1128 1584/1584/1126 1585/1585/1127
f 1586/1586/1128 1585/1585/1127 1587/1587/1129
f 1588/1588/1130 1589/1589/1131 1590/1590/1131
f 1588/1588/1130 1590/1590/1131 1591/1591/1130
f 1592/1592/1132 1593/1593/1133 1594/1594/1134
f 1592/1592/1132 1594/1594/1134 1595/1595/1135
f 1545/1545/1087 1540/1540/1082 1543/1543/1085
f 1545/1545/1087 1543/1543/1085 1546/1546/1088
f 1596/1596/1136 1586/1586/1128 1587/1587/1129
f 1596/1596/1136 1587/1587/1129 1597/1597/1137
f 1598/1598/1138 1599/1599/1139 1600/1600/1140
f 1598/1598/1138 1600/1600/1140 1601/1601/1141
f 1601/1601/1141 1600/1600/1140 1602/1602/1142
f 1601/1601/1141 1602/1602/1142 1603/1603/1143
f 1603/1603/1143 1602/1602/1142 1604/1604/1144
f 1603/1603/1143 1604/1604/1144 1605/1605/1145
f 1599/1599/1139 1606/1606/1146 1607/1607/1147
f 1599/1599/1139 1607/1607/1147 1600/1600/1140
f 1600/1600/1140 1607/1607/1147 1608/1608/1148
f 1600/1600/1140 1608/1608/1148 1602/1602/1142
f 1602/1602/1142 1608/1608/1148 1609/1609/1149
f 1602/1602/1142 1609/1609/1149 1604/1604/1144
f 1606/1606/1146 1610/1610/1150 1611/1611/1151
f 1606/1606/1146 1611/1611/1151 1607/1607/1147
f 1607/1607/1147 1611/1611/1151 1612/1612/1152
f 1607/1607/1147 1612/1612/1152 1608/1608/1148
f 1608/1608/1148 1612/1612/1152 1613/1613/1153
f 1608/1608/1148 1613/1613/1153 1609/1609/1149
f 1610/1610/1150 1614/1614/1154 1615/1615/1155
f 1610/1610/1150 1615/1615/1155 1611/1611/1151
f 1611/1611/1151 1615/1615/1155 1616/1616/1156
f 1611/1611/1151 1616/1616/1156 1612/1612/1152
f 1612/1612/1152 1616/1616/1156 1617/1617/1157
f 1612/1612/1152 1617/1617/1157 1613/1613/1153
f 1614/1614/1154 1618/1618/1158 1619/1619/1159
f 1614/1614/1154 1619/1619/1159 1615/1615/1155
f 1615/1615/1155 1619/1619/1159 1620/1620/1160
f 1615/1615/1155 1620/1620/1160 1616/1616/1156
f 1616/1616/1156 1620/1620/1160 1621/1621/1161
f 1616/1616/1156 1621/1621/1161 1617/1617/1157
f 1618/1618/1158 1622/1622/1162 1623/1623/1163
f 1618/1618/1158 1623/1623/1163 1619/1619/1159
f 1619/1619/1159 1623/1623/1163 1624/1624/1164
f 1619/1619/1159 1624/1624/1164 1620/1620/1160
f 1620/1620/1160 1624/1624/1164 1625/1625/1165
f 1620/1620/1160 1625/1625/1165 1621/1621/1161
f 1622/1622/1162 1626/1626/1166 1627/1627/1167
f 1622/1622/1162 1627/1627/1167 1623/1623/1163
f 1623/1623/1163 1627/1627/1167 1628/1628/1168
f 1623/1623/1163 1628/1628/1168 1624/1624/1164
f 1624/1624/1164 1628/1628/1168 1629/1629/1169
f 1624/1624/1164 1629/1629/1169 1625/1625/1165
f 1626/1626/1166 1630/1630/1170 1631/1631/1171
f 1626/1626/1166 1631/1631/1171 1627/1627/1167
f 1627/1627/1167 1631/1631/1171 1632/1632/1172
f 1627/1627/1167 1632/1632/1172 1628/1628/1168
f 1628/1628/1168 1632/1632/1172 1633/1633/1173
f 1628/1628/1168 1633/1633/1173 1629/1629/1169
f 1630/1630/1170 1634/1634/1174 1635/1635/1175
f 1630/1630/1170 1635/1635/1175 1631/1631/1171
f 1631/1631/1171 1635/1635/1175 1636/1636/1176
f 1631/1631/1171 1636/1636/1176 1632/1632/1172
f 1632/1632/1172 1636/1636/1176 1637/1637/1177
f 1632/1632/1172 1637/1637/1177 1633/1633/1173
f 1634/1634/1174 1638/1638/1178 1639/1639/1179
f 1634/1634/1174 1639/1639/1179 1635/1635/1175
f 1635/1635/1175 1639/1639/1179 1640/1640/1180
f 1635/1635/1175 1640/1640/1180 1636/1636/1176
f 1636/1636/1176 1640/1640/1180 1641/1641/1181
f 1636/1636/1176 1641/1641/1181 1637/1637/1177
f 1638/1638/1178 1642/1642/1182 1643/1643/1183
f 1638/1638/1178 1643/1643/1183 1639/1639/1179
f 1639/1639/1179 1643/1643/1183 1644/1644/1184
f 1639/1639/1179 1644/1644/1184 1640/1640/1180
f 1640/1640/1180 1644/1644/1184 1645/1645/1185
f 1640/1640/1180 1645/1645/1185 1641/1641/1181
f 1642/1642/1182 1646/1646/1186 1647/1647/1187
f 1642/1642/1182 1647/1647/1187 1643/1643/1183
f 1643/1643/1183 1647/1647/1187 1648/1648/1188
f 1643/1643/1183 1648/1648/1188 1644/1644/1184
f 1644/1644/1184 1648/1648/1188 1649/1649/1189
f 1644/1644/1184 1649/1649/1189 1645/1645/1185
f 1646/1646/1186 1650/1650/1190 1651/1651/1191
f 1646/1646/1186 1651/1651/1191 1647/1647/1187
f 1647/1647/1187 1651/1651/1191 1652/1652/1192
f 1647/1647/1187 1652/1652/1192 1648/1648/1188
f 1648/1648/1188 1652/1652/1192 1653/1653/1193
f 1648/1648/1188 1653/1653/1193 1649/1649/1189
f 1650/1650/1190 1654/1654/1194 1655/1655/1195
f 1650/1650/1190 1655/1655/1195 1651/1651/1191
f 1651/1651/1191 1655/1655/1195 1656/1656/1196
f 1651/1651/1191 1656/1656/1196 1652/1652/1192
f 1652/1652/1192 1656/1656/1196 1657/1657/1197
f 1652/1652/1192 1657/1657/1197 1653/1653/1193
f 1654/1654/1194 1658/1658/1198 1659/1659/1199
f 1654/1654/1194 1659/1659/1199 1655/1655/1195
f 1655/1655/1195 1659/1659/1199 1660/1660/1200
f 1655/1655/1195 1660/1660/1200 1656/1656/1196
f 1656/1656/1196 1660/1660/1200 1661/1661/1201
f 1656/1656/1196 1661/1661/1201 1657/1657/1197
f 1658/1658/1198 1662/1662/1202 1663/1663/1203
f 1658/1658/1198 1663/1663/1203 1659/1659/1199
f 1659/1659/1199 1663/1663/1203 1664/1664/1204
f 1659/1659/1199 1664/1664/1204 1660/1660/1200
f 1660/1660/1200 1664/1664/1204 1665/1665/1205
f 1660/1660/1200 1665/1665/1205 1661/1661/1201
f 1662/1662/1202 1666/1666/1206 1667/1667/1207
f 1662/1662/1202 1667/1667/1207 1663/1663/1203
f 1663/1663/1203 1667/1667/1207 1668/1668/1208
f 1663/1663/1203 1668/1668/1208 1664/1664/1204
f 1664/1664/1204 1668/1668/1208 1669/1669/1209
f 1664/1664/1204 1669/1669/1209 1665/1665/1205
f 1666/1666/1206 1670/1670/1210 1671/1671/1211
f 1666/1666/1206 1671/1671/1211 1667/1667/1207
f 1667/1667/1207 1671/1671/1211 1672/1672/1212
f 1667/1667/1207 1672/1672/1212 1668/1668/1208
f 1668/1668/1208 1672/1672/1212 1673/1673/1213
f 1668/1668/1208 1673/1673/1213 1669/1669/1209
f 1674/1674/1214 1675/1675/1215 1676/1676/1216
f 1674/1674/1214 1676/1676/1216 1677/1677/1217
f 1677/1677/1217 1676/1676/1216 1678/1678/1218
f 1677/1677/1217 1678/1678/1218 1679/1679/1212
f 1679/1679/1212 1678/1678/1218 1680/1680/1219
f 1679/1679/1212 1680/1680/1219 1681/1681/1213
f 1675/1675/1215 1682/1682/1220 1683/1683/1221
f 1675/1675/1215 1683/1683/1221 1676/1676/1216
f 1676/1676/1216 1683/1683/1221 1684/1684/1222
f 1676/1676/1216 1684/1684/1222 1678/1678/1218
f 1678/1678/1218 1684/1684/1222 1685/1685/1223
f 1678/1678/1218 1685/1685/1223 1680/1680/1219
f 1682/1682/1220 1686/1686/1224 1687/1687/1225
f 1682/1682/1220 1687/1687/1225 1683/1683/1221
f 1683/1683/1221 1687/1687/1225 1688/1688/1226
f 1683/1683/1221 1688/1688/1226 1684/1684/1222
f 1684/1684/1222 1688/1688/1226 1689/1689/1227
f 1684/1684/1222 1689/1689/1227 1685/1685/1223
f 1686/1686/1224 1690/1690/1228 1691/1691/1229
f 1686/1686/1224 1691/1691/1229 1687/1687/1225
f 1687/1687/1225 1691/1691/1229 1692/1692/1230
f 1687/1687/1225 1692/1692/1230 1688/1688/1226
f 1688/1688/1226 1692/1692/1230 1693/1693/1231
f 1688/1688/1226 1693/1693/1231 1689/1689/1227
f 1690/1690/1228 1694/1694/1232 1695/1695/1233
f 1690/1690/1228 1695/1695/1233 1691/1691/1229
f 1691/1691/1229 1695/1695/1233 1696/1696/1234
f 1691/1691/1229 1696/1696/1234 1692/1692/1230
f 1692/1692/1230 1696/1696/1234 1697/1697/1235
f 1692/1692/1230 1697/1697/1235 1693/1693/1231
f 1694/1694/1232 1598/1598/1138 1601/1601/1141
f 1694/1694/1232 1601/1601/1141 1695/1695/1233
f 1695/1695/1233 1601/1601/1141 1603/1603/1143
f 1695/1695/1233 1603/1603/1143 1696/1696/1234
f 1696/1696/1234 1603/1603/1143 1605/1605/1145
f 1696/1696/1234 1605/1605/1145 1697/1697/1235
f 1665/1665/1205 1669/1669/1209 1698/1698/1236
f 1665/1665/1205 1698/1698/1236 1699/1699/1237
f 1700/1700/1238 1701/1701/1239 1702/1702/1240
f 1700/1700/1238 1702/1702/1240 1703/1703/1241
f 1704/1704/1242 1705/1705/1243 1706/1706/1244
f 1704/1704/1242 1706/1706/1244 1707/1707/1245
f 1708/1708/1246 1709/1709/1247 1710/1710/1248
f 1708/1708/1246 1710/1710/1248 1711/1711/1249
f 1712/1712/1250 1713/1713/1251 1714/1714/1252
f 1712/1712/1250 1714/1714/1252 1715/1715/1253
f 1716/1716/1254 1712/1712/1250 1715/1715/1253
f 1716/1716/1254 1715/1715/1253 1717/1717/1255
f 1718/1718/1256 1704/1704/1242 1707/1707/1245
f 1718/1718/1256 1707/1707/1245 1719/1719/1257
f 1720/1720/1258 1708/1708/1246 1711/1711/1249
f 1720/1720/1258 1711/1711/1249 1721/1721/1259
f 1722/1722/1260 1716/1716/1254 1717/1717/1255
f 1722/1722/1260 1717/1717/1255 1723/1723/1261
f 1724/1724/1262 1725/1725/1256 1726/1726/1263
f 1724/1724/1262 1726/1726/1263 1727/1727/1264
f 1728/1728/1265 1720/1720/1258 1721/1721/1259
f 1728/1728/1265 1721/1721/1259 1729/1729/1266
f 1730/1730/1267 1722/1722/1260 1723/1723/1261
f 1730/1730/1267 1723/1723/1261 1731/1731/1268
f 1732/1732/1269 1724/1724/1262 1727/1727/1264
f 1732/1732/1269 1727/1727/1264 1733/1733/1270
f 1734/1734/1271 1728/1728/1265 1729/1729/1266
f 1734/1734/1271 1729/1729/1266 1735/1735/1272
f 1736/1736/1273 1730/1730/1267 1731/1731/1268
f 1736/1736/1273 1731/1731/1268 1737/1737/1274
f 1738/1738/1275 1732/1732/1269 1733/1733/1270
f 1738/1738/1275 1733/1733/1270 1739/1739/1276
f 1740/1740/1277 1734/1734/1271 1735/1735/1272
f 1740/1740/1277 1735/1735/1272 1741/1741/1278
f 1742/1742/1279 1738/1738/1275 1739/1739/1276
f 1742/1742/1279 1739/1739/1276 1743/1743/1280
f 1744/1744/1281 1740/1740/1277 1741/1741/1278
f 1744/1744/1281 1741/1741/1278 1745/1745/1282
f 1701/1701/1239 1736/1736/1273 1737/1737/1274
f 1701/1701/1239 1737/1737/1274 1702/1702/1240
f 1593/1593/1133 1742/1742/1279 1743/1743/1280
f 1593/1593/1133 1743/1743/1280 1594/1594/1134
f 1705/1705/1243 1744/1744/1281 1745/1745/1282
f 1705/1705/1243 1745/1745/1282 1706/1706/1244
f 1709/1709/1247 1700/1700/1238 1703/1703/1241
f 1709/1709/1247 1703/1703/1241 1710/1710/1248
f 1746/1746/1283 1747/1747/1284 1748/1748/1284
f 1746/1746/1283 1748/1748/1284 1749/1749/1283
f 1542/1542/1084 1597/1597/1137 1750/1750/1285
f 1542/1542/1084 1750/1750/1285 1751/1751/1286
f 1751/1751/1286 1750/1750/1285 1752/1752/1287
f 1751/1751/1286 1752/1752/1287 1753/1753/1288
f 1753/1753/1288 1752/1752/1287 1754/1754/1289
f 1753/1753/1288 1754/1754/1289 1755/1755/1290
f 1755/1755/1290 1754/1754/1289 1592/1592/1132
f 1755/1755/1290 1592/1592/1132 1713/1713/1251
f 1543/1543/1085 1542/1542/1084 1751/1751/1286
f 1543/1543/1085 1751/1751/1286 1756/1756/1291
f 1756/1756/1291 1751/1751/1286 1753/1753/1288
f 1756/1756/1291 1753/1753/1288 1757/1757/1292
f 1757/1757/1292 1753/1753/1288 1755/1755/1290
f 1757/1757/1292 1755/1755/1290 1758/1758/1293
f 1758/1758/1293 1755/1755/1290 1713/1713/1251
f 1758/1758/1293 1713/1713/1251 1712/1712/1250
f 1546/1546/1088 1543/1543/1085 1756/1756/1291
f 1546/1546/1088 1756/1756/1291 1759/1759/1294
f 1759/1759/1294 1756/1756/1291 1757/1757/1292
f 1759/1759/1294 1757/1757/1292 1760/1760/1295
f 1760/1760/1295 1757/1757/1292 1758/1758/1293
f 1760/1760/1295 1758/1758/1293 1761/1761/1296
f 1761/1761/1296 1758/1758/1293 1712/1712/1250
f 1761/1761/1296 1712/1712/1250 1716/1716/1254
f 1547/1547/1089 1546/1546/1088 1759/1759/1294
f 1547/1547/1089 1759/1759/1294 1762/1762/1297
f 1762/1762/1297 1759/1759/1294 1760/1760/1295
f 1762/1762/1297 1760/1760/1295 1763/1763/1298
f 1763/1763/1298 1760/1760/1295 1761/1761/1296
f 1763/1763/1298 1761/1761/1296 1764/1764/1299
f 1764/1764/1299 1761/1761/1296 1716/1716/1254
f 1764/1764/1299 1716/1716/1254 1722/1722/1260
f 1549/1549/1091 1547/1547/1089 1762/1762/1297
f 1549/1549/1091 1762/1762/1297 1765/1765/1300
f 1765/1765/1300 1762/1762/1297 1763/1763/1298
f 1765/1765/1300 1763/1763/1298 1766/1766/1301
f 1766/1766/1301 1763/1763/1298 1764/1764/1299
f 1766/1766/1301 1764/1764/1299 1767/1767/1302
f 1767/1767/1302 1764/1764/1299 1722/1722/1260
f 1767/1767/1302 1722/1722/1260 1730/1730/1267
f 1551/1551/1093 1549/1549/1091 1765/1765/1300
f 1551/1551/1093 1765/1765/1300 1768/1768/1303
f 1768/1768/1303 1765/1765/1300 1766/1766/1301
f 1768/1768/1303 1766/1766/1301 1769/1769/1304
f 1769/1769/1304 1766/1766/1301 1767/1767/1302
f 1769/1769/1304 1767/1767/1302 1770/1770/1305
f 1770/1770/1305 1767/1767/1302 1730/1730/1267
f 1770/1770/1305 1730/1730/1267 1736/1736/1273
f 1553/1553/1095 1551/1551/1093 1768/1768/1303
f 1553/1553/1095 1768/1768/1303 1771/1771/1306
f 1771/1771/1306 1768/1768/1303 1769/1769/1304
f 1771/1771/1306 1769/1769/1304 1772/1772/1307
f 1772/1772/1307 1769/1769/1304 1770/1770/1305
f 1772/1772/1307 1770/1770/1305 1773/1773/1308
f 1773/1773/1308 1770/1770/1305 1736/1736/1273
f 1773/1773/1308 1736/1736/1273 1701/1701/1239
f 1555/1555/1097 1553/1553/1095 1771/1771/1306
f 1555/1555/1097 1771/1771/1306 1774/1774/1309
f 1774/1774/1309 1771/1771/1306 1772/1772/1307
f 1774/1774/1309 1772/1772/1307 1775/1775/1310
f 1775/1775/1310 1772/1772/1307 1773/1773/1308
f 1775/1775/1310 1773/1773/1308 1776/1776/1311
f 1776/1776/1311 1773/1773/1308 1701/1701/1239
f 1776/1776/1311 1701/1701/1239 1700/1700/1238
f 1557/1557/1099 1555/1555/1097 1774/1774/1309
f 1557/1557/1099 1774/1774/1309 1777/1777/1312
f 1777/1777/1312 1774/1774/1309 1775/1775/1310
f 1777/1777/1312 1775/1775/1310 1778/1778/1313
f 1778/1778/1313 1775/1775/1310 1776/1776/1311
f 1778/1778/1313 1776/1776/1311 1779/1779/1314
f 1779/1779/1314 1776/1776/1311 1700/1700/1238
f 1779/1779/1314 1700/1700/1238 1709/1709/1247
f 1559/1559/1101 1557/1557/1099 1777/1777/1312
f 1559/1559/1101 1777/1777/1312 1780/1780/1315
f 1780/1780/1315 1777/1777/1312 1778/1778/1313
f 1780/1780/1315 1778/1778/1313 1781/1781/1316
f 1781/1781/1316 1778/1778/1313 1779/1779/1314
f 1781/1781/1316 1779/1779/1314 1782/1782/1317
f 1782/1782/1317 1779/1779/1314 1709/1709/1247
f 1782/1782/1317 1709/1709/1247 1708/1708/1246
f 1561/1561/1103 1559/1559/1101 1780/1780/1315
f 1561/1561/1103 1780/1780/1315 1783/1783/1318
f 1783/1783/1318 1780/1780/1315 1781/1781/1316
f 1783/1783/1318 1781/1781/1316 1784/1784/1319
f 1784/1784/1319 1781/1781/1316 1782/1782/1317
f 1784/1784/1319 1782/1782/1317 1785/1785/1320
f 1785/1785/1320 1782/1782/1317 1708/1708/1246
f 1785/1785/1320 1708/1708/1246 1720/1720/1258
f 1563/1563/1105 1561/1561/1103 1783/1783/1318
f 1563/1563/1105 1783/1783/1318 1786/1786/1321
f 1786/1786/1321 1783/1783/1318 1784/1784/1319
f 1786/1786/1321 1784/1784/1319 1787/1787/1322
f 1787/1787/1322 1784/1784/1319 1785/1785/1320
f 1787/1787/1322 1785/1785/1320 1788/1788/1323
f 1788/1788/1323 1785/1785/1320 1720/1720/1258
f 1788/1788/1323 1720/1720/1258 1728/1728/1265
f 1565/1565/1107 1563/1563/1105 1786/1786/1321
f 1565/1565/1107 1786/1786/1321 1789/1789/1324
f 1789/1789/1324 1786/1786/1321 1787/1787/1322
f 1789/1789/1324 1787/1787/1322 1790/1790/1325
f 1790/1790/1325 1787/1787/1322 1788/1788/1323
f 1790/1790/1325 1788/1788/1323 1791/1791/1326
f 1791/1791/1326 1788/1788/1323 1728/1728/1265
f 1791/1791/1326 1728/1728/1265 1734/1734/1271
f 1567/1567/1109 1565/1565/1107 1789/1789/1324
f 1567/1567/1109 1789/1789/1324 1792/1792/1327
f 1792/1792/1327 1789/1789/1324 1790/1790/1325
f 1792/1792/1327 1790/1790/1325 1793/1793/1328
f 1793/1793/1328 1790/1790/1325 1791/1791/1326
f 1793/1793/1328 1791/1791/1326 1794/1794/1329
f 1794/1794/1329 1791/1791/1326 1734/1734/1271
f 1794/1794/1329 1734/1734/1271 1740/1740/1277
f 1569/1569/1111 1567/1567/1109 1792/1792/1327
f 1569/1569/1111 1792/1792/1327 1795/1795/1330
f 1795/1795/1330 1792/1792/1327 1793/1793/1328
f 1795/1795/1330 1793/1793/1328 1796/1796/1331
f 1796/1796/1331 1793/1793/1328 1794/1794/1329
f 1796/1796/1331 1794/1794/1329 1797/1797/1332
f 1797/1797/1332 1794/1794/1329 1740/1740/1277
f 1797/1797/1332 1740/1740/1277 1744/1744/1281
f 1571/1571/1113 1569/1569/1111 1795/1795/1330
f 1571/1571/1113 1795/1795/1330 1798/1798/1333
f 1798/1798/1333 1795/1795/1330 1796/1796/1331
f 1798/1798/1333 1796/1796/1331 1799/1799/1334
f 1799/1799/1334 1796/1796/1331 1797/1797/1332
f 1799/1799/1334 1797/1797/1332 1800/1800/1335
f 1800/1800/1335 1797/1797/1332 1744/1744/1281
f 1800/1800/1335 1744/1744/1281 1705/1705/1243
f 1573/1573/1115 1571/1571/1113 1798/1798/1333
f 1573/1573/1115 1798/1798/1333 1801/1801/1336
f 1801/1801/1336 1798/1798/1333 1799/1799/1334
f 1801/1801/1336 1799/1799/1334 1802/1802/1337
f 1802/1802/1337 1799/1799/1334 1800/1800/1335
f 1802/1802/1337 1800/1800/1335 1803/1803/1338
f 1803/1803/1338 1800/1800/1335 1705/1705/1243
f 1803/1803/1338 1705/1705/1243 1704/1704/1242
f 1575/1575/1117 1573/1573/1115 1801/1801/1336
f 1575/1575/1117 1801/1801/1336 1804/1804/1339
f 1804/1804/1339 1801/1801/1336 1802/1802/1337
f 1804/1804/1339 1802/1802/1337 1805/1805/1340
f 1805/1805/1340 1802/1802/1337 1803/1803/1338
f 1805/1805/1340 1803/1803/1338 1806/1806/1341
f 1806/1806/1341 1803/1803/1338 1704/1704/1242
f 1806/1806/1341 1704/1704/1242 1718/1718/1256
f 1579/1579/1121 1578/1578/1120 1807/1807/1342
f 1579/1579/1121 1807/1807/1342 1808/1808/1343
f 1808/1808/1343 1807/1807/1342 1809/1809/1344
f 1808/1808/1343 1809/1809/1344 1810/1810/1345
f 1810/1810/1345 1809/1809/1344 1811/1811/1346
f 1810/1810/1345 1811/1811/1346 1812/1812/1347
f 1812/1812/1347 1811/1811/1346 1725/1725/1256
f 1812/1812/1347 1725/1725/1256 1724/1724/1262
f 1581/1581/1123 1579/1579/1121 1808/1808/1343
f 1581/1581/1123 1808/1808/1343 1813/1813/1348
f 1813/1813/1348 1808/1808/1343 1810/1810/1345
f 1813/1813/1348 1810/1810/1345 1814/1814/1349
f 1814/1814/1349 1810/1810/1345 1812/1812/1347
f 1814/1814/1349 1812/1812/1347 1815/1815/1350
f 1815/1815/1350 1812/1812/1347 1724/1724/1262
f 1815/1815/1350 1724/1724/1262 1732/1732/1269
f 1583/1583/1125 1581/1581/1123 1813/1813/1348
f 1583/1583/1125 1813/1813/1348 1816/1816/1351
f 1816/1816/1351 1813/1813/1348 1814/1814/1349
f 1816/1816/1351 1814/1814/1349 1817/1817/1352
f 1817/1817/1352 1814/1814/1349 1815/1815/1350
f 1817/1817/1352 1815/1815/1350 1818/1818/1353
f 1818/1818/1353 1815/1815/1350 1732/1732/1269
f 1818/1818/1353 1732/1732/1269 1738/1738/1275
f 1585/1585/1127 1583/1583/1125 1816/1816/1351
f 1585/1585/1127 1816/1816/1351 1819/1819/1354
f 1819/1819/1354 1816/1816/1351 1817/1817/1352
f 1819/1819/1354 1817/1817/1352 1820/1820/1355
f 1820/1820/1355 1817/1817/1352 1818/1818/1353
f 1820/1820/1355 1818/1818/1353 1821/1821/1356
f 1821/1821/1356 1818/1818/1353 1738/1738/1275
f 1821/1821/1356 1738/1738/1275 1742/1742/1279
f 1587/1587/1129 1585/1585/1127 1819/1819/1354
f 1587/1587/1129 1819/1819/1354 1822/1822/1357
f 1822/1822/1357 1819/1819/1354 1820/1820/1355
f 1822/1822/1357 1820/1820/1355 1823/1823/1358
f 1823/1823/1358 1820/1820/1355 1821/1821/1356
f 1823/1823/1358 1821/1821/1356 1824/1824/1359
f 1824/1824/1359 1821/1821/1356 1742/1742/1279
f 1824/1824/1359 1742/1742/1279 1593/1593/1133
f 1597/1597/1137 1587/1587/1129 1822/1822/1357
f 1597/1597/1137 1822/1822/1357 1750/1750/1285
f 1750/1750/1285 1822/1822/1357 1823/1823/1358
f 1750/1750/1285 1823/1823/1358 1752/1752/1287
f 1752/1752/1287 1823/1823/1358 1824/1824/1359
f 1752/1752/1287 1824/1824/1359 1754/1754/1289
f 1754/1754/1289 1824/1824/1359 1593/1593/1133
f 1754/1754/1289 1593/1593/1133 1592/1592/1132
f 1713/1713/1251 1592/1592/1132 1595/1595/1135
f 1713/1713/1251 1595/1595/1135 1714/1714/1252
f 1825/1825/1360 1826/1826/1361 1827/1827/1362
f 1825/1825/1360 1827/1827/1362 1828/1828/1363
f 1829/1829/1364 1830/1830/1365 1596/1596/1136
f 1829/1829/1364 1596/1596/1136 1541/1541/1083
f 1610/1610/1150 1831/1831/1366 1832/1832/1367
f 1610/1610/1150 1832/1832/1367 1614/1614/1154
f 1833/1833/1368 1829/1829/1364 1541/1541/1083
f 1833/1833/1368 1541/1541/1083 1540/1540/1082
f 1614/1614/1154 1832/1832/1367 1834/1834/1369
f 1614/1614/1154 1834/1834/1369 1618/1618/1158
f 1835/1835/1370 1833/1833/1368 1540/1540/1082
f 1835/1835/1370 1540/1540/1082 1545/1545/1087
f 1618/1618/1158 1834/1834/1369 1836/1836/1371
f 1618/1618/1158 1836/1836/1371 1622/1622/1162
f 1837/1837/1372 1835/1835/1370 1545/1545/1087
f 1837/1837/1372 1545/1545/1087 1544/1544/1086
f 1622/1622/1162 1836/1836/1371 1838/1838/1373
f 1622/1622/1162 1838/1838/1373 1626/1626/1166
f 1839/1839/1374 1837/1837/1372 1544/1544/1086
f 1839/1839/1374 1544/1544/1086 1548/1548/1090
f 1626/1626/1166 1838/1838/1373 1840/1840/1375
f 1626/1626/1166 1840/1840/1375 1630/1630/1170
f 1841/1841/1376 1839/1839/1374 1548/1548/1090
f 1841/1841/1376 1548/1548/1090 1550/1550/1092
f 1630/1630/1170 1840/1840/1375 1842/1842/1377
f 1630/1630/1170 1842/1842/1377 1634/1634/1174
f 1843/1843/1378 1841/1841/1376 1550/1550/1092
f 1843/1843/1378 1550/1550/1092 1552/1552/1094
f 1634/1634/1174 1842/1842/1377 1844/1844/1379
f 1634/1634/1174 1844/1844/1379 1638/1638/1178
f 1845/1845/1380 1843/1843/1378 1552/1552/1094
f 1845/1845/1380 1552/1552/1094 1554/1554/1096
f 1638/1638/1178 1844/1844/1379 1846/1846/1381
f 1638/1638/1178 1846/1846/1381 1642/1642/1182
f 1847/1847/1382 1845/1845/1380 1554/1554/1096
f 1847/1847/1382 1554/1554/1096 1556/1556/1098
f 1642/1642/1182 1846/1846/1381 1848/1848/1383
f 1642/1642/1182 1848/1848/1383 1646/1646/1186
f 1849/1849/1384 1847/1847/1382 1556/1556/1098
f 1849/1849/1384 1556/1556/1098 1558/1558/1100
f 1646/1646/1186 1848/1848/1383 1850/1850/1385
f 1646/1646/1186 1850/1850/1385 1650/1650/1190
f 1851/1851/1386 1849/1849/1384 1558/1558/1100
f 1851/1851/1386 1558/1558/1100 1560/1560/1102
f 1650/1650/1190 1850/1850/1385 1852/1852/1387
f 1650/1650/1190 1852/1852/1387 1654/1654/1194
f 1853/1853/1388 1851/1851/1386 1560/1560/1102
f 1853/1853/1388 1560/1560/1102 1562/1562/1104
f 1654/1654/1194 1852/1852/1387 1854/1854/1389
f 1654/1654/1194 1854/1854/1389 1658/1658/1198
f 1855/1855/1390 1853/1853/1388 1562/1562/1104
f 1855/1855/1390 1562/1562/1104 1564/1564/1106
f 1658/1658/1198 1854/1854/1389 1856/1856/1391
f 1658/1658/1198 1856/1856/1391 1662/1662/1202
f 1857/1857/1392 1855/1855/1390 1564/1564/1106
f 1857/1857/1392 1564/1564/1106 1566/1566/1108
f 1662/1662/1202 1856/1856/1391 1858/1858/1393
f 1662/1662/1202 1858/1858/1393 1666/1666/1206
f 1859/1859/1394 1857/1857/1392 1566/1566/1108
f 1859/1859/1394 1566/1566/1108 1568/1568/1110
f 1666/1666/1206 1858/1858/1393 1860/1860/1395
f 1666/1666/1206 1860/1860/1395 1670/1670/1210
f 1861/1861/1396 1859/1859/1394 1568/1568/1110
f 1861/1861/1396 1568/1568/1110 1570/1570/1112
f 1674/1674/1214 1862/1862/1397 1863/1863/1398
f 1674/1674/1214 1863/1863/1398 1675/1675/1215
f 1864/1864/1399 1861/1861/1396 1570/1570/1112
f 1864/1864/1399 1570/1570/1112 1572/1572/1114
f 1675/1675/1215 1863/1863/1398 1865/1865/1400
f 1675/1675/1215 1865/1865/1400 1682/1682/1220
f 1866/1866/1401 1864/1864/1399 1572/1572/1114
f 1866/1866/1401 1572/1572/1114 1574/1574/1116
f 1682/1682/1220 1865/1865/1400 1867/1867/1402
f 1682/1682/1220 1867/1867/1402 1686/1686/1224
f 1868/1868/1403 1869/1869/1404 1577/1577/1119
f 1868/1868/1403 1577/1577/1119 1576/1576/1118
f 1686/1686/1224 1867/1867/1402 1870/1870/1361
f 1686/1686/1224 1870/1870/1361 1690/1690/1228
f 1871/1871/1405 1868/1868/1403 1576/1576/1118
f 1871/1871/1405 1576/1576/1118 1580/1580/1122
f 1872/1872/1406 1873/1873/1407 1874/1874/1407
f 1872/1872/1406 1874/1874/1407 1875/1875/1406
f 1876/1876/1408 1871/1871/1405 1580/1580/1122
f 1876/1876/1408 1580/1580/1122 1582/1582/1124
f 1690/1690/1228 1870/1870/1361 1877/1877/1362
f 1690/1690/1228 1877/1877/1362 1694/1694/1232
f 1878/1878/1409 1876/1876/1408 1582/1582/1124
f 1878/1878/1409 1582/1582/1124 1584/1584/1126
f 1599/1599/1139 1879/1879/1410 1880/1880/1411
f 1599/1599/1139 1880/1880/1411 1606/1606/1146
f 1881/1881/1412 1878/1878/1409 1584/1584/1126
f 1881/1881/1412 1584/1584/1126 1586/1586/1128
f 1830/1830/1365 1881/1881/1412 1586/1586/1128
f 1830/1830/1365 1586/1586/1128 1596/1596/1136
f 1541/1541/1083 1596/1596/1136 1597/1597/1137
f 1541/1541/1083 1597/1597/1137 1542/1542/1084
f 1882/1882/1413 1883/1883/1414 1884/1884/1414
f 1882/1882/1413 1884/1884/1414 1885/1885/1413
f 1886/1886/1415 1887/1887/1416 1888/1888/1416
f 1886/1886/1415 1888/1888/1416 1889/1889/1415
f 1890/1890/1417 1746/1746/1283 1749/1749/1283
f 1890/1890/1417 1749/1749/1283 1891/1891/1417
f 1892/1892/1418 1882/1882/1413 1885/1885/1413
f 1892/1892/1418 1885/1885/1413 1893/1893/1418
f 1589/1589/1131 1886/1886/1415 1889/1889/1415
f 1589/1589/1131 1889/1889/1415 1590/1590/1131
f 1894/1894/1419 1890/1890/1417 1891/1891/1417
f 1894/1894/1419 1891/1891/1417 1895/1895/1420
f 1896/1896/1421 1892/1892/1418 1893/1893/1418
f 1896/1896/1421 1893/1893/1418 1897/1897/1421
f 1898/1898/1422 1899/1899/1423 1900/1900/1423
f 1898/1898/1422 1900/1900/1423 1901/1901/1422
f 1902/1902/1424 1894/1894/1419 1895/1895/1420
f 1902/1902/1424 1895/1895/1420 1903/1903/1424
f 1904/1904/1425 1896/1896/1421 1897/1897/1421
f 1904/1904/1425 1897/1897/1421 1905/1905/1425
f 1906/1906/1426 1898/1898/1422 1901/1901/1422
f 1906/1906/1426 1901/1901/1422 1907/1907/1426
f 1908/1908/1427 1902/1902/1424 1903/1903/1424
f 1908/1908/1427 1903/1903/1424 1909/1909/1427
f 1910/1910/1428 1904/1904/1425 1905/1905/1425
f 1910/1910/1428 1905/1905/1425 1911/1911/1428
f 1912/1912/1429 1906/1906/1426 1907/1907/1426
f 1912/1912/1429 1907/1907/1426 1913/1913/1430
f 1914/1914/1431 1908/1908/1427 1909/1909/1427
f 1914/1914/1431 1909/1909/1427 1915/1915/1431
f 1916/1916/1432 1910/1910/1428 1911/1911/1428
f 1916/1916/1432 1911/1911/1428 1917/1917/1432
f 1918/1918/1433 1912/1912/1429 1913/1913/1430
f 1918/1918/1433 1913/1913/1430 1919/1919/1433
f 1920/1920/1434 1914/1914/1431 1915/1915/1431
f 1920/1920/1434 1915/1915/1431 1921/1921/1434
f 1747/1747/1284 1916/1916/1432 1917/1917/1432
f 1747/1747/1284 1917/1917/1432 1748/1748/1284
f 1883/1883/1414 1918/1918/1433 1919/1919/1433
f 1883/1883/1414 1919/1919/1433 1884/1884/1414
f 1887/1887/1416 1922/1922/1435 1923/1923/1434
f 1887/1887/1416 1923/1923/1434 1888/1888/1416
f 1694/1694/1232 1877/1877/1362 1924/1924/1436
f 1694/1694/1232 1924/1924/1436 1598/1598/1138
f 1925/1925/1437 1926/1926/1437 1927/1927/1438
f 1925/1925/1437 1927/1927/1438 1928/1928/1438
f 1929/1929/1439 1930/1930/1439 1931/1931/1440
f 1929/1929/1439 1931/1931/1440 1932/1932/1440
f 1933/1933/1441 1934/1934/1441 1935/1935/1442
f 1933/1933/1441 1935/1935/1442 1936/1936/1442
f 1937/1937/1443 1938/1938/1443 1939/1939/1444
f 1937/1937/1443 1939/1939/1444 1940/1940/1444
f 1941/1941/1445 1942/1942/1445 1943/1943/1446
f 1941/1941/1445 1943/1943/1446 1944/1944/1446
f 1945/1945/1447 1946/1946/1447 1947/1947/1448
f 1945/1945/1447 1947/1947/1448 1948/1948/1448
f 1949/1949/1449 1950/1950/1449 1951/1951/1450
f 1949/1949/1449 1951/1951/1450 1952/1952/1450
f 1953/1953/1451 1954/1954/1451 1955/1955/1452
f 1953/1953/1451 1955/1955/1452 1956/1956/1452
f 1957/1957/1453 1958/1958/1453 1926/1926/1437
f 1957/1957/1453 1926/1926/1437 1925/1925/1437
f 1959/1959/1454 1960/1960/1454 1930/1930/1439
f 1959/1959/1454 1930/1930/1439 1929/1929/1439
f 1961/1961/1455 1962/1962/1455 1934/1934/1441
f 1961/1961/1455 1934/1934/1441 1933/1933/1441
f 1963/1963/1456 1964/1964/1456 1938/1938/1443
f 1963/1963/1456 1938/1938/1443 1937/1937/1443
f 1965/1965/1457 1966/1966/1457 1942/1942/1445
f 1965/1965/1457 1942/1942/1445 1941/1941/1445
f 1967/1967/1458 1968/1968/1458 1946/1946/1447
f 1967/1967/1458 1946/1946/1447 1945/1945/1447
f 1969/1969/1459 1970/1970/1459 1950/1950/1449
f 1969/1969/1459 1950/1950/1449 1949/1949/1449
f 1971/1971/1460 1972/1972/1460 1970/1970/1459
f 1971/1971/1460 1970/1970/1459 1969/1969/1459
f 1928/1928/1438 1927/1927/1438 1954/1954/1451
f 1928/1928/1438 1954/1954/1451 1953/1953/1451
f 1932/1932/1440 1931/1931/1440 1973/1973/1453
f 1932/1932/1440 1973/1973/1453 1974/1974/1453
f 1936/1936/1442 1935/1935/1442 1960/1960/1454
f 1936/1936/1442 1960/1960/1454 1959/1959/1454
f 1940/1940/1444 1939/1939/1444 1962/1962/1455
f 1940/1940/1444 1962/1962/1455 1961/1961/1455
f 1944/1944/1446 1943/1943/1446 1964/1964/1456
f 1944/1944/1446 1964/1964/1456 1963/1963/1456
f 1948/1948/1448 1947/1947/1448 1966/1966/1457
f 1948/1948/1448 1966/1966/1457 1965/1965/1457
f 1952/1952/1450 1951/1951/1450 1968/1968/1458
f 1952/1952/1450 1968/1968/1458 1967/1967/1458
f 1899/1899/1423 1588/1588/1130 1591/1591/1130
f 1899/1899/1423 1591/1591/1130 1900/1900/1423
f 1956/1956/1452 1955/1955/1452 1972/1972/1460
f 1956/1956/1452 1972/1972/1460 1971/1971/1460
f 1661/1661/1201 1665/1665/1205 1699/1699/1237
f 1661/1661/1201 1699/1699/1237 1975/1975/1461
f 1657/1657/1197 1661/1661/1201 1975/1975/1461
f 1657/1657/1197 1975/1975/1461 1976/1976/1462
f 1653/1653/1193 1657/1657/1197 1976/1976/1462
f 1653/1653/1193 1976/1976/1462 1977/1977/1057
f 1697/1697/1235 1605/1605/1145 1978/1978/1463
f 1697/1697/1235 1978/1978/1463 1979/1979/1464
f 1649/1649/1189 1653/1653/1193 1977/1977/1057
f 1649/1649/1189 1977/1977/1057 1980/1980/1079
f 1645/1645/1185 1649/1649/1189 1980/1980/1079
f 1645/1645/1185 1980/1980/1079 1981/1981/1465
f 1641/1641/1181 1645/1645/1185 1981/1981/1465
f 1641/1641/1181 1981/1981/1465 1982/1982/1466
f 1637/1637/1177 1641/1641/1181 1982/1982/1466
f 1637/1637/1177 1982/1982/1466 1983/1983/1070
f 1633/1633/1173 1637/1637/1177 1983/1983/1070
f 1633/1633/1173 1983/1983/1070 1984/1984/1467
f 1629/1629/1169 1633/1633/1173 1984/1984/1467
f 1629/1629/1169 1984/1984/1467 1985/1985/1468
f 1625/1625/1165 1629/1629/1169 1985/1985/1468
f 1625/1625/1165 1985/1985/1468 1986/1986/1469
f 1621/1621/1161 1625/1625/1165 1986/1986/1469
f 1621/1621/1161 1986/1986/1469 1987/1987/1080
f 1617/1617/1157 1621/1621/1161 1987/1987/1080
f 1617/1617/1157 1987/1987/1080 1988/1988/1470
f 1693/1693/1231 1697/1697/1235 1979/1979/1464
f 1693/1693/1231 1979/1979/1464 1989/1989/1471
f 1613/1613/1153 1617/1617/1157 1988/1988/1470
f 1613/1613/1153 1988/1988/1470 1990/1990/1472
f 1689/1689/1227 1693/1693/1231 1989/1989/1471
f 1689/1689/1227 1989/1989/1471 1991/1991/1473
f 1609/1609/1149 1613/1613/1153 1990/1990/1472
f 1609/1609/1149 1990/1990/1472 1992/1992/1474
f 1685/1685/1223 1689/1689/1227 1991/1991/1473
f 1685/1685/1223 1991/1991/1473 1993/1993/1475
f 1604/1604/1144 1609/1609/1149 1992/1992/1474
f 1604/1604/1144 1992/1992/1474 1994/1994/1068
f 1680/1680/1219 1685/1685/1223 1993/1993/1475
f 1680/1680/1219 1993/1993/1475 1995/1995/1476
f 1605/1605/1145 1604/1604/1144 1994/1994/1068
f 1605/1605/1145 1994/1994/1068 1978/1978/1463
f 1681/1681/1213 1680/1680/1219 1995/1995/1476
f 1681/1681/1213 1995/1995/1476 1996/1996/1477
f 1669/1669/1209 1673/1673/1213 1997/1997/1478
f 1669/1669/1209 1997/1997/1478 1698/1698/1236
f 1828/1828/1363 1827/1827/1362 1998/1998/1436
f 1828/1828/1363 1998/1998/1436 1999/1999/1479
f 1598/1598/1138 1924/1924/1436 1879/1879/1410
f 1598/1598/1138 1879/1879/1410 1599/1599/1139
f 1606/1606/1146 1880/1880/1411 1831/1831/1366
f 1606/1606/1146 1831/1831/1366 1610/1610/1150
f 2000/2000/1402 2001/2001/1402 1826/1826/1361
f 2000/2000/1402 1826/1826/1361 1825/1825/1360
f 2002/2002/1400 2003/2003/1400 2001/2001/1402
f 2002/2002/1400 2001/2001/1402 2000/2000/1402
f 2004/2004/1398 2005/2005/1398 2003/2003/1400
f 2004/2004/1398 2003/2003/1400 2002/2002/1400
f 2006/2006/1397 2007/2007/1397 2005/2005/1398
f 2006/2006/1397 2005/2005/1398 2004/2004/1398
f 2008/2008/1393 2009/2009/1393 2010/2010/1395
f 2008/2008/1393 2010/2010/1395 2011/2011/1395
f 2012/2012/1391 2013/2013/1391 2009/2009/1393
f 2012/2012/1391 2009/2009/1393 2008/2008/1393
f 2014/2014/1389 2015/2015/1389 2013/2013/1391
f 2014/2014/1389 2013/2013/1391 2012/2012/1391
f 2016/2016/1387 2017/2017/1387 2015/2015/1389
f 2016/2016/1387 2015/2015/1389 2014/2014/1389
f 2018/2018/1385 2019/2019/1385 2017/2017/1387
f 2018/2018/1385 2017/2017/1387 2016/2016/1387
f 2020/2020/1383 2021/2021/1383 2019/2019/1385
f 2020/2020/1383 2019/2019/1385 2018/2018/1385
f 2022/2022/1381 2023/2023/1381 2021/2021/1383
f 2022/2022/1381 2021/2021/1383 2020/2020/1383
f 2024/2024/1379 2025/2025/1379 2023/2023/1381
f 2024/2024/1379 2023/2023/1381 2022/2022/1381
f 2026/2026/1377 2027/2027/1377 2025/2025/1379
f 2026/2026/1377 2025/2025/1379 2024/2024/1379
f 2028/2028/1480 2029/2029/1375 2027/2027/1377
f 2028/2028/1480 2027/2027/1377 2026/2026/1377
f 2030/2030/1373 2031/2031/1373 2029/2029/1375
f 2030/2030/1373 2029/2029/1375 2028/2028/1480
f 2032/2032/1371 2033/2033/1371 2031/2031/1373
f 2032/2032/1371 2031/2031/1373 2030/2030/1373
f 2034/2034/1369 2035/2035/1369 2033/2033/1371
f 2034/2034/1369 2033/2033/1371 2032/2032/1371
f 2036/2036/1367 2037/2037/1367 2035/2035/1369
f 2036/2036/1367 2035/2035/1369 2034/2034/1369
f 2038/2038/1366 2039/2039/1366 2037/2037/1367
f 2038/2038/1366 2037/2037/1367 2036/2036/1367
f 2040/2040/1411 2041/2041/1411 2039/2039/1366
f 2040/2040/1411 2039/2039/1366 2038/2038/1366
f 2042/2042/1410 2043/2043/1410 2041/2041/1411
f 2042/2042/1410 2041/2041/1411 2040/2040/1411
f 2044/2044/1481 2045/2045/1482 2046/2046/1482
f 2044/2044/1481 2046/2046/1482 2047/2047/1481
f 2048/2048/1483 2049/2049/1484 2050/2050/1484
f 2048/2048/1483 2050/2050/1484 2051/2051/1483
f 2052/2052/1485 2053/2053/1486 2054/2054/1486
f 2052/2052/1485 2054/2054/1486 2055/2055/1485
f 2056/2056/1487 2057/2057/1488 2058/2058/1488
f 2056/2056/1487 2058/2058/1488 2059/2059/1487
f 2060/2060/1489 2061/2061/1490 2062/2062/1490
f 2060/2060/1489 2062/2062/1490 2063/2063/1489
f 2064/2064/1491 2065/2065/1492 2066/2066/1492
f 2064/2064/1491 2066/2066/1492 2067/2067/1491
f 2068/2068/1493 2069/2069/1494 2070/2070/1494
f 2068/2068/1493 2070/2070/1494 2071/2071/1493
f 2072/2072/1495 2048/2048/1483 2051/2051/1483
f 2072/2072/1495 2051/2051/1483 2073/2073/1495
f 2049/2049/1484 2074/2074/1496 2075/2075/1496
f 2049/2049/1484 2075/2075/1496 2050/2050/1484
f 2076/2076/1497 2077/2077/1498 2078/2078/1498
f 2076/2076/1497 2078/2078/1498 2079/2079/1497
f 2080/2080/1499 2081/2081/1500 2082/2082/1500
f 2080/2080/1499 2082/2082/1500 2083/2083/1499
f 2084/2084/1501 2085/2085/1502 2086/2086/1502
f 2084/2084/1501 2086/2086/1502 2087/2087/1501
f 2088/2088/1503 2089/2089/1504 2090/2090/1504
f 2088/2088/1503 2090/2090/1504 2091/2091/1503
f 2053/2053/1486 2092/2092/1505 2093/2093/1505
f 2053/2053/1486 2093/2093/1505 2054/2054/1486
f 2057/2057/1488 2094/2094/1506 2095/2095/1506
f 2057/2057/1488 2095/2095/1506 2058/2058/1488
f 2096/2096/1507 2060/2060/1489 2063/2063/1489
f 2096/2096/1507 2063/2063/1489 2097/2097/1507
f 2098/2098/1508 2064/2064/1491 2067/2067/1491
f 2098/2098/1508 2067/2067/1491 2099/2099/1508
f 2100/2100/1509 2068/2068/1493 2071/2071/1493
f 2100/2100/1509 2071/2071/1493 2101/2101/1509
f 2074/2074/1496 2102/2102/1510 2103/2103/1510
f 2074/2074/1496 2103/2103/1510 2075/2075/1496
f 2077/2077/1498 2104/2104/1511 2105/2105/1511
f 2077/2077/1498 2105/2105/1511 2078/2078/1498
f 2081/2081/1500 2106/2106/1512 2107/2107/1512
f 2081/2081/1500 2107/2107/1512 2082/2082/1500
f 2108/2108/1513 2084/2084/1501 2087/2087/1501
f 2108/2108/1513 2087/2087/1501 2109/2109/1513
f 2110/2110/1514 2088/2088/1503 2091/2091/1503
f 2110/2110/1514 2091/2091/1503 2111/2111/1514
f 2092/2092/1505 2112/2112/1515 2113/2113/1515
f 2092/2092/1505 2113/2113/1515 2093/2093/1505
f 1999/1999/1479 1998/1998/1436 2043/2043/1410
f 1999/1999/1479 2043/2043/1410 2042/2042/1410
f 2114/2114/1516 1872/1872/1406 1875/1875/1406
f 2114/2114/1516 1875/1875/1406 2115/2115/1516
f 2116/2116/1517 2114/2114/1516 2115/2115/1516
f 2116/2116/1517 2115/2115/1516 2117/2117/1517
f 2118/2118/1518 2116/2116/1517 2117/2117/1517
f 2118/2118/1518 2117/2117/1517 2119/2119/1518
f 2120/2120/1519 2118/2118/1518 2119/2119/1518
f 2120/2120/1519 2119/2119/1518 2121/2121/1519
f 2122/2122/1520 2120/2120/1519 2121/2121/1519
f 2122/2122/1520 2121/2121/1519 2123/2123/1520
f 2124/2124/1521 2122/2122/1520 2123/2123/1520
f 2124/2124/1521 2123/2123/1520 2125/2125/1522
f 2126/2126/1523 2127/2127/1524 2128/2128/1524
f 2126/2126/1523 2128/2128/1524 2129/2129/1523
f 2130/2130/1525 2126/2126/1523 2129/2129/1523
f 2130/2130/1525 2129/2129/1523 2131/2131/1525
f 2132/2132/1526 2130/2130/1525 2131/2131/1525
f 2132/2132/1526 2131/2131/1525 2133/2133/1526
f 2134/2134/1527 2132/2132/1526 2133/2133/1526
f 2134/2134/1527 2133/2133/1526 2135/2135/1527
f 2136/2136/1528 2134/2134/1527 2135/2135/1527
f 2136/2136/1528 2135/2135/1527 2137/2137/1528
f 2138/2138/1529 2136/2136/1528 2137/2137/1528
f 2138/2138/1529 2137/2137/1528 2139/2139/1529
f 2140/2140/1530 2138/2138/1529 2139/2139/1529
f 2140/2140/1530 2139/2139/1529 2141/2141/1530
f 2142/2142/1531 2140/2140/1530 2141/2141/1530
f 2142/2142/1531 2141/2141/1530 2143/2143/1531
f 2144/2144/1532 2142/2142/1531 2143/2143/1531
f 2144/2144/1532 2143/2143/1531 2145/2145/1532
f 2146/2146/1533 2144/2144/1532 2145/2145/1532
f 2146/2146/1533 2145/2145/1532 2147/2147/1533
f 2148/2148/1534 2146/2146/1533 2147/2147/1533
f 2148/2148/1534 2147/2147/1533 2149/2149/1534
f 2150/2150/1535 2148/2148/1534 2149/2149/1534
f 2150/2150/1535 2149/2149/1534 2151/2151/1535
f 2152/2152/1536 2150/2150/1535 2151/2151/1535
f 2152/2152/1536 2151/2151/1535 2153/2153/1536
f 2154/2154/1537 2152/2152/1536 2153/2153/1536
f 2154/2154/1537 2153/2153/1536 2155/2155/1537
f 2156/2156/1538 2154/2154/1537 2155/2155/1537
f 2156/2156/1538 2155/2155/1537 2157/2157/1538
f 2158/2158/1539 2156/2156/1538 2157/2157/1538
f 2158/2158/1539 2157/2157/1538 2159/2159/1539
f 1873/1873/1407 2158/2158/1539 2159/2159/1539
f 1873/1873/1407 2159/2159/1539 1874/1874/1407
f 2089/2089/1504 2160/2160/1540 2161/2161/1540
f 2089/2089/1504 2161/2161/1540 2090/2090/1504
f 2085/2085/1502 2162/2162/1541 2163/2163/1541
f 2085/2085/1502 2163/2163/1541 2086/2086/1502
f 2164/2164/1542 2080/2080/1499 2083/2083/1499
f 2164/2164/1542 2083/2083/1499 2165/2165/1542
f 2166/2166/1543 2076/2076/1497 2079/2079/1497
f 2166/2166/1543 2079/2079/1497 2167/2167/1543
f 2061/2061/1490 2044/2044/1481 2047/2047/1481
f 2061/2061/1490 2047/2047/1481 2062/2062/1490
f 2069/2069/1494 2168/2168/1544 2169/2169/1544
f 2069/2069/1494 2169/2169/1544 2070/2070/1494
f 2065/2065/1492 2170/2170/1545 2171/2171/1545
f 2065/2065/1492 2171/2171/1545 2066/2066/1492
f 2172/2172/1546 2072/2072/1495 2073/2073/1495
f 2172/2172/1546 2073/2073/1495 2173/2173/1546
f 2174/2174/1547 2056/2056/1487 2059/2059/1487
f 2174/2174/1547 2059/2059/1487 2175/2175/1547
f 2176/2176/1548 2052/2052/1485 2055/2055/1485
f 2176/2176/1548 2055/2055/1485 2177/2177/1548
f 2045/2045/1482 2178/2178/1549 2179/2179/1549
f 2045/2045/1482 2179/2179/1549 2046/2046/1482
f 2160/2160/1540 2180/2180/1550 2181/2181/1550
f 2160/2160/1540 2181/2181/1550 2161/2161/1540
f 2162/2162/1541 2182/2182/1551 2183/2183/1551
f 2162/2162/1541 2183/2183/1551 2163/2163/1541
f 2184/2184/1552 2164/2164/1542 2165/2165/1542
f 2184/2184/1552 2165/2165/1542 2185/2185/1552
f 2112/2112/1515 2166/2166/1543 2167/2167/1543
f 2112/2112/1515 2167/2167/1543 2113/2113/1515
f 2168/2168/1544 2186/2186/1553 2187/2187/1553
f 2168/2168/1544 2187/2187/1553 2169/2169/1544
f 2170/2170/1545 2108/2108/1513 2109/2109/1513
f 2170/2170/1545 2109/2109/1513 2171/2171/1545
f 2106/2106/1512 2172/2172/1546 2173/2173/1546
f 2106/2106/1512 2173/2173/1546 2107/2107/1512
f 2104/2104/1511 2174/2174/1547 2175/2175/1547
f 2104/2104/1511 2175/2175/1547 2105/2105/1511
f 2102/2102/1510 2176/2176/1548 2177/2177/1548
f 2102/2102/1510 2177/2177/1548 2103/2103/1510
f 2178/2178/1549 2100/2100/1509 2101/2101/1509
f 2178/2178/1549 2101/2101/1509 2179/2179/1549
f 2180/2180/1550 2098/2098/1508 2099/2099/1508
f 2180/2180/1550 2099/2099/1508 2181/2181/1550
f 2182/2182/1551 2096/2096/1507 2097/2097/1507
f 2182/2182/1551 2097/2097/1507 2183/2183/1551
f 2094/2094/1506 2188/2188/1552 2189/2189/1552
f 2094/2094/1506 2189/2189/1552 2095/2095/1506
